customer_id,last_order_date,first_order_date,purchase_count,total_spent,age,gender,avg_review_score,recency,clv,segment,top_product
10201,2024-10-14,2024-10-14,1,624.84,23,Unknown,4.0,331,624.84,1,Smartphone
10211,2024-07-23,2024-07-23,1,65.02,25,F,5.0,414,65.02,1,Blanket
10254,2024-09-10,2024-09-10,1,70.93,73,M,3.0,365,70.93,0,Blanket
10299,2024-11-27,2024-11-27,1,815.76,33,F,5.0,287,815.76,1,Pants
10403,2024-05-03,2024-05-03,1,1319.35,65,M,4.0,495,1319.35,0,Smartphone
10486,2024-09-13,2024-09-13,1,548.2,54,F,4.0,362,548.2,0,Pants
10539,2025-03-17,2025-03-17,1,34.64,44,F,3.0,177,34.64,2,Eraser
10679,2024-04-23,2024-04-23,1,770.04,53,Unknown,4.0,505,770.04,0,Smartphone
10792,2024-04-21,2024-04-21,1,63.02,49,F,5.0,507,63.02,0,Yoga Mat
10825,2024-09-09,2024-09-09,1,286.34,63,M,5.0,366,286.34,0,Blanket
10848,2024-05-26,2024-05-26,1,600.1,67,F,5.0,472,600.1,0,Smartphone
11008,2024-07-23,2024-07-23,1,732.84,58,M,5.0,414,732.84,0,Blanket
11021,2024-08-12,2024-08-12,1,339.6,47,M,5.0,394,339.6,1,Pants
11101,2024-09-27,2024-09-27,1,484.7,22,F,4.0,348,484.7,1,Yoga Mat
11108,2024-06-26,2024-06-26,1,55.18,58,F,1.0,441,55.18,2,Eraser
11145,2024-04-09,2024-04-09,1,38.38,34,M,5.0,519,38.38,1,Blanket
11164,2024-11-20,2024-11-20,1,649.1500000000001,44,Unknown,3.0,294,649.1500000000001,2,Smartphone
11363,2024-10-02,2024-10-02,1,245.88,63,M,2.0,343,245.88,2,Smartphone
11455,2024-04-14,2024-04-14,1,203.4,48,F,1.0,514,203.4,2,Yoga Mat
11479,2025-01-28,2025-01-28,1,905.2,48,F,5.0,225,905.2,0,Pants
11578,2024-05-22,2024-05-22,1,72.74,35,Unknown,4.0,476,72.74,1,Eraser
11645,2024-12-23,2024-12-23,1,1838.25,65,F,5.0,261,1838.25,0,Pants
11655,2025-03-05,2025-03-05,1,1462.16,61,M,5.0,189,1462.16,0,Smartphone
11829,2024-05-10,2024-05-10,1,429.6,41,M,5.0,488,429.6,1,Pants
11849,2024-08-14,2024-08-14,1,2046.75,23,Unknown,4.0,392,2046.75,1,Eraser
11871,2024-09-23,2024-09-23,1,774.8399999999999,65,M,5.0,352,774.8399999999999,0,Blanket
11911,2025-02-21,2025-02-21,1,1185.1200000000001,44,M,5.0,201,1185.1200000000001,1,Blanket
12167,2024-11-20,2024-11-20,1,187.51,46,F,4.0,294,187.51,1,Blanket
12469,2024-06-24,2024-06-24,1,979.6500000000001,35,M,4.0,443,979.6500000000001,1,Yoga Mat
12544,2024-07-02,2024-07-02,1,459.36,28,M,1.0,435,459.36,2,Smartphone
12572,2025-01-22,2025-01-22,1,905.8,46,M,5.0,231,905.8,1,Pants
12817,2024-06-06,2024-06-06,1,1589.84,40,M,5.0,461,1589.84,1,Yoga Mat
12858,2024-06-16,2024-06-16,1,1128.57,28,M,5.0,451,1128.57,1,Blanket
12945,2024-09-30,2024-09-30,1,974.1500000000001,42,M,2.0,345,974.1500000000001,2,Yoga Mat
13011,2024-07-29,2024-07-29,1,552.22,69,M,4.0,408,552.22,0,Pants
13042,2024-05-15,2024-05-15,1,1274.0,54,F,4.0,483,1274.0,0,Pants
13112,2024-12-15,2024-12-15,1,364.12,35,Unknown,3.0,269,364.12,1,Smartphone
13120,2024-04-07,2024-04-07,1,40.2,59,M,5.0,521,40.2,0,Blanket
13356,2024-12-27,2024-12-27,1,2044.75,38,M,2.0,257,2044.75,2,Yoga Mat
13425,2024-09-14,2024-09-14,1,1638.32,46,M,5.0,361,1638.32,0,Blanket
13431,2025-01-03,2025-01-03,1,619.14,63,M,2.0,250,619.14,2,Pants
13542,2024-12-17,2024-12-17,1,746.72,56,F,1.0,267,746.72,2,Smartphone
13591,2024-04-21,2024-04-21,1,394.06,18,M,4.0,507,394.06,1,Blanket
13595,2024-08-02,2024-08-02,1,496.5,25,Unknown,4.0,404,496.5,1,Eraser
13725,2024-06-16,2024-06-16,1,1142.88,26,F,5.0,451,1142.88,1,Smartphone
13992,2024-09-28,2024-09-28,1,129.35,40,F,3.0,347,129.35,2,Eraser
14029,2025-02-20,2025-02-20,1,454.56,57,F,4.0,202,454.56,0,Yoga Mat
14046,2024-12-19,2024-12-19,1,503.64,24,F,5.0,265,503.64,1,Pants
14108,2024-09-22,2024-09-22,1,357.97,55,M,4.0,353,357.97,0,Eraser
14109,2024-07-17,2024-07-17,1,899.5999999999999,48,M,3.0,420,899.5999999999999,2,Pants
14276,2024-09-14,2024-09-14,1,1062.1,73,M,4.0,361,1062.1,0,Yoga Mat
14284,2024-06-05,2024-06-05,1,323.83,63,F,3.0,462,323.83,2,Pants
14303,2024-08-14,2024-08-14,1,2125.5,51,F,4.0,392,2125.5,0,Smartphone
14361,2024-12-12,2024-12-12,1,932.48,23,Unknown,5.0,272,932.48,1,Yoga Mat
14376,2025-02-15,2025-02-15,1,102.30000000000001,34,M,3.0,207,102.30000000000001,1,Eraser
14447,2024-03-20,2024-03-20,1,219.94,69,F,4.0,539,219.94,0,Eraser
14487,2024-11-01,2024-11-01,1,304.1,56,F,4.0,313,304.1,0,Smartphone
14520,2024-12-22,2024-12-22,1,1117.83,69,F,1.0,262,1117.83,2,Blanket
14872,2024-03-31,2024-03-31,1,545.56,32,M,4.0,528,545.56,1,Pants
14911,2025-01-18,2025-01-18,1,463.7,74,M,4.0,235,463.7,0,Blanket
15505,2024-10-25,2024-10-25,1,700.3,19,F,4.0,320,700.3,1,Yoga Mat
15545,2024-12-08,2024-12-08,1,951.54,65,F,4.0,276,951.54,0,Eraser
15625,2024-12-31,2024-12-31,1,1522.12,45,F,4.0,253,1522.12,1,Pants
15676,2024-04-22,2024-04-22,1,1067.34,72,M,4.0,506,1067.34,0,Eraser
15824,2024-12-25,2024-12-25,1,513.82,58,Unknown,1.0,259,513.82,2,Smartphone
15858,2024-09-20,2024-09-20,1,427.94,51,F,3.0,355,427.94,2,Blanket
15872,2025-03-14,2025-03-14,1,370.8,39,M,5.0,180,370.8,1,Smartphone
16119,2024-12-03,2024-12-03,1,71.83,28,F,4.0,281,71.83,1,Pants
16285,2024-10-30,2024-10-30,1,583.44,59,F,5.0,315,583.44,0,Yoga Mat
16430,2024-10-23,2024-10-23,1,409.92,57,F,5.0,322,409.92,0,Pants
16539,2024-04-10,2024-04-10,1,1422.96,21,M,5.0,518,1422.96,1,Yoga Mat
16669,2024-05-25,2024-05-25,1,716.22,34,M,4.0,473,716.22,1,Eraser
16797,2024-07-27,2024-07-27,1,124.08,59,M,4.0,410,124.08,0,Eraser
16821,2024-05-18,2024-05-18,1,1435.8,68,F,5.0,480,1435.8,0,Yoga Mat
16865,2025-01-06,2025-01-06,1,625.41,39,Unknown,4.0,247,625.41,1,Blanket
17044,2024-03-28,2024-03-28,1,306.5,47,M,4.0,531,306.5,0,Yoga Mat
17074,2024-06-02,2024-06-02,1,260.52,37,M,5.0,465,260.52,1,Blanket
17263,2024-06-10,2024-06-10,1,1876.35,47,M,4.0,457,1876.35,0,Smartphone
17277,2024-10-21,2024-10-21,1,89.04,70,F,3.0,324,89.04,0,Pants
17305,2024-12-26,2024-12-26,1,520.25,28,M,2.0,258,520.25,2,Pants
17341,2024-08-10,2024-08-10,1,493.8,20,F,4.0,396,493.8,1,Pants
17439,2024-08-12,2024-08-12,1,1851.28,55,M,5.0,394,1851.28,0,Smartphone
17483,2024-06-11,2024-06-11,1,842.2,48,F,5.0,456,842.2,0,Pants
17937,2025-02-17,2025-02-17,1,1042.56,53,F,5.0,205,1042.56,0,Smartphone
18191,2024-12-11,2024-12-11,1,867.66,26,M,5.0,273,867.66,1,Pants
18511,2024-04-07,2024-04-07,1,387.76,56,Unknown,4.0,521,387.76,0,Blanket
18555,2025-03-06,2025-03-06,1,664.94,68,M,5.0,188,664.94,0,Yoga Mat
18651,2024-07-04,2024-07-04,1,2063.5,29,M,5.0,433,2063.5,1,Eraser
18819,2024-06-16,2024-06-16,1,1904.52,70,F,4.0,451,1904.52,0,Smartphone
18860,2025-01-13,2025-01-13,1,145.57,61,F,4.0,240,145.57,0,Pants
19180,2024-08-17,2024-08-17,1,703.68,50,F,1.0,389,703.68,2,Blanket
19238,2025-01-11,2025-01-11,1,216.68,70,M,5.0,242,216.68,0,Smartphone
19284,2024-07-28,2024-07-28,1,812.25,52,F,4.0,409,812.25,0,Pants
19293,2024-06-20,2024-06-20,1,118.31,33,F,2.0,447,118.31,2,Pants
19327,2024-04-26,2024-04-26,1,1004.1299999999999,26,F,5.0,502,1004.1299999999999,1,Yoga Mat
19405,2024-06-29,2024-06-29,1,195.76,23,F,4.0,438,195.76,1,Smartphone
19510,2024-10-21,2024-10-21,1,1186.0,25,M,5.0,324,1186.0,1,Pants
19845,2024-10-26,2024-10-26,1,735.56,45,M,2.0,319,735.56,2,Blanket
19863,2024-05-14,2024-05-14,1,361.34,24,F,3.0,484,361.34,1,Eraser
19925,2025-01-29,2025-01-29,1,1093.65,51,F,4.0,224,1093.65,0,Pants
20004,2024-05-25,2024-05-25,1,660.96,49,M,5.0,473,660.96,0,Blanket
20019,2025-03-04,2025-03-04,1,1200.12,34,Unknown,4.0,190,1200.12,1,Eraser
20025,2024-12-21,2024-12-21,1,137.02,60,M,5.0,263,137.02,0,Yoga Mat
20351,2024-05-30,2024-05-30,1,1810.5500000000002,62,F,5.0,468,1810.5500000000002,0,Eraser
20393,2025-02-28,2025-02-28,1,2342.75,68,M,2.0,194,2342.75,2,Eraser
20485,2024-06-07,2024-06-07,1,1335.68,44,M,4.0,460,1335.68,0,Pants
20522,2024-11-07,2024-11-07,1,604.98,31,F,5.0,307,604.98,1,Blanket
20636,2024-03-22,2024-03-22,1,515.62,31,F,4.0,537,515.62,1,Smartphone
20658,2024-11-06,2024-11-06,1,590.91,34,M,1.0,308,590.91,2,Eraser
20770,2024-11-01,2024-11-01,1,782.86,44,Unknown,4.0,313,782.86,1,Smartphone
20814,2024-12-18,2024-12-18,1,1165.16,65,M,4.0,266,1165.16,0,Smartphone
20853,2024-07-10,2024-07-10,1,682.17,39,Unknown,4.0,427,682.17,1,Blanket
20938,2024-10-22,2024-10-22,1,84.68,40,F,1.0,323,84.68,2,Eraser
21004,2024-04-17,2024-04-17,1,857.75,30,M,5.0,511,857.75,1,Blanket
21063,2025-01-23,2025-01-23,1,999.0,66,M,4.0,230,999.0,0,Pants
21109,2024-07-17,2024-07-17,1,119.01,37,M,4.0,420,119.01,1,Yoga Mat
21298,2025-01-17,2025-01-17,1,1106.92,55,M,3.0,236,1106.92,2,Blanket
21391,2025-01-11,2025-01-11,1,63.56,28,M,5.0,242,63.56,1,Smartphone
21473,2024-10-19,2024-10-19,1,686.74,56,M,5.0,326,686.74,0,Pants
21565,2024-08-13,2024-08-13,1,1939.24,43,F,4.0,393,1939.24,0,Yoga Mat
21588,2024-03-25,2024-03-25,1,597.26,33,F,5.0,534,597.26,1,Eraser
21664,2024-06-10,2024-06-10,1,979.11,39,F,4.0,457,979.11,1,Eraser
21731,2024-08-19,2024-08-19,1,114.3,34,M,5.0,387,114.3,1,Yoga Mat
21745,2024-12-23,2024-12-23,1,624.55,54,Unknown,5.0,261,624.55,0,Eraser
21838,2024-06-25,2024-06-25,1,579.94,70,M,4.0,442,579.94,0,Smartphone
22228,2025-02-08,2025-02-08,1,54.94,62,F,5.0,214,54.94,0,Pants
22264,2024-03-26,2024-03-26,1,138.85,63,F,5.0,533,138.85,0,Yoga Mat
22360,2024-04-19,2024-04-19,1,578.76,68,M,4.0,509,578.76,0,Smartphone
22599,2025-01-28,2025-01-28,1,145.08,18,F,5.0,225,145.08,1,Eraser
22604,2025-02-08,2025-02-08,1,247.45,47,M,2.0,214,247.45,2,Blanket
22729,2024-03-31,2024-03-31,1,262.44,32,M,4.0,528,262.44,1,Blanket
22739,2024-07-15,2024-07-15,1,1087.75,24,Unknown,5.0,422,1087.75,1,Blanket
23008,2024-11-01,2024-11-01,1,971.35,53,Unknown,3.0,313,971.35,2,Pants
23094,2025-01-17,2025-01-17,1,86.06,56,M,5.0,236,86.06,0,Smartphone
23188,2024-06-01,2024-06-01,1,1496.6999999999998,59,M,4.0,466,1496.6999999999998,0,Yoga Mat
23300,2024-06-05,2024-06-05,1,92.24,66,M,2.0,462,92.24,2,Pants
23420,2024-08-19,2024-08-19,1,1994.64,56,F,5.0,387,1994.64,0,Pants
23570,2024-05-21,2024-05-21,1,964.0,35,M,4.0,477,964.0,1,Eraser
23601,2024-08-12,2024-08-12,1,1225.3799999999999,57,Unknown,5.0,394,1225.3799999999999,0,Eraser
23672,2024-10-30,2024-10-30,1,183.52,49,M,4.0,315,183.52,1,Pants
23687,2025-03-03,2025-03-03,1,616.14,68,F,4.0,191,616.14,0,Smartphone
23743,2024-04-14,2024-04-14,1,943.24,43,M,5.0,514,943.24,1,Eraser
23747,2024-08-15,2024-08-15,1,51.1,36,Unknown,2.0,391,51.1,2,Smartphone
23807,2024-12-02,2024-12-02,1,1988.15,53,M,2.0,282,1988.15,2,Eraser
24024,2024-05-09,2024-05-09,1,2099.9,55,M,4.0,489,2099.9,0,Yoga Mat
24025,2024-10-16,2024-10-16,1,312.3,54,F,4.0,329,312.3,0,Smartphone
24054,2024-11-05,2024-11-05,1,662.1899999999999,26,F,4.0,309,662.1899999999999,1,Yoga Mat
24078,2024-11-29,2024-11-29,1,1824.5500000000002,71,M,1.0,285,1824.5500000000002,2,Pants
24147,2024-08-23,2024-08-23,1,268.26,29,M,1.0,383,268.26,2,Blanket
24175,2025-03-19,2025-03-19,1,2352.15,25,M,4.0,175,2352.15,1,Eraser
24196,2025-01-06,2025-01-06,1,231.51,41,M,5.0,247,231.51,1,Smartphone
24426,2025-02-07,2025-02-07,1,886.98,67,M,4.0,215,886.98,0,Eraser
24487,2024-07-01,2024-07-01,1,372.43,38,M,3.0,436,372.43,2,Eraser
24639,2024-05-30,2024-05-30,1,716.3100000000001,49,F,4.0,468,716.3100000000001,0,Smartphone
24734,2025-03-05,2025-03-05,1,191.98,39,F,5.0,189,191.98,1,Yoga Mat
24744,2024-07-08,2024-07-08,1,1002.2,34,Unknown,5.0,429,1002.2,1,Smartphone
25091,2025-01-30,2025-01-30,1,598.75,20,F,5.0,223,598.75,1,Yoga Mat
25229,2024-10-09,2024-10-09,1,315.12,27,F,1.0,336,315.12,2,Blanket
25309,2024-08-24,2024-08-24,1,1106.73,52,M,5.0,382,1106.73,0,Eraser
25370,2024-09-09,2024-09-09,1,366.61,57,F,2.0,366,366.61,2,Smartphone
25536,2024-08-07,2024-08-07,1,1034.31,43,Unknown,3.0,399,1034.31,2,Smartphone
25561,2024-11-23,2024-11-23,1,330.94,31,F,5.0,291,330.94,1,Smartphone
25702,2025-03-12,2025-03-12,1,1226.64,40,M,5.0,182,1226.64,1,Eraser
25747,2025-03-18,2025-03-18,1,243.04,64,F,1.0,176,243.04,2,Blanket
25761,2024-05-11,2024-05-11,1,1798.2,29,F,3.0,487,1798.2,1,Eraser
25852,2025-02-04,2025-02-04,1,239.88,21,M,5.0,218,239.88,1,Pants
25889,2024-09-24,2024-09-24,1,1023.56,51,F,5.0,351,1023.56,0,Pants
25897,2024-11-22,2024-11-22,1,329.35,29,M,1.0,292,329.35,2,Blanket
25952,2024-12-30,2024-12-30,1,1437.5,73,F,4.0,254,1437.5,0,Pants
25974,2025-02-12,2025-02-12,1,65.69,71,F,4.0,210,65.69,0,Eraser
25985,2025-02-07,2025-02-07,1,706.46,65,M,4.0,215,706.46,0,Eraser
26160,2025-03-04,2025-03-04,1,904.4,25,Unknown,3.0,190,904.4,1,Pants
26186,2024-05-27,2024-05-27,1,428.52,38,M,5.0,471,428.52,1,Yoga Mat
26392,2025-01-28,2025-01-28,1,467.54,73,F,3.0,225,467.54,0,Pants
26457,2024-10-07,2024-10-07,1,2282.75,60,F,4.0,338,2282.75,0,Blanket
26545,2024-05-08,2024-05-08,1,940.16,54,F,4.0,490,940.16,0,Blanket
26583,2024-04-10,2024-04-10,1,172.92,60,M,5.0,518,172.92,0,Pants
26652,2024-09-24,2024-09-24,1,961.58,48,F,5.0,351,961.58,0,Smartphone
26742,2024-08-30,2024-08-30,1,1369.8899999999999,75,M,5.0,376,1369.8899999999999,0,Eraser
26759,2024-04-30,2024-04-30,1,331.65,44,Unknown,4.0,498,331.65,1,Blanket
26849,2024-11-24,2024-11-24,1,350.21999999999997,27,F,5.0,290,350.21999999999997,1,Yoga Mat
27117,2024-11-27,2024-11-27,1,982.6,66,F,4.0,287,982.6,0,Pants
27123,2024-12-27,2024-12-27,1,488.09999999999997,18,F,5.0,257,488.09999999999997,1,Pants
27140,2024-08-17,2024-08-17,1,408.63,21,F,4.0,389,408.63,1,Pants
27148,2025-01-07,2025-01-07,1,235.88,40,F,4.0,246,235.88,1,Blanket
27282,2024-07-15,2024-07-15,1,585.8,60,F,4.0,422,585.8,0,Yoga Mat
27303,2024-05-25,2024-05-25,1,470.23,26,M,5.0,473,470.23,1,Yoga Mat
27389,2025-01-31,2025-01-31,1,642.28,26,M,5.0,222,642.28,1,Smartphone
27462,2024-09-08,2024-09-08,1,2331.9,67,M,3.0,367,2331.9,0,Smartphone
27584,2025-01-10,2025-01-10,1,79.8,51,F,1.0,243,79.8,2,Eraser
27730,2025-03-19,2025-03-19,1,366.27,44,M,5.0,175,366.27,1,Blanket
27736,2024-11-08,2024-11-08,1,497.89,58,F,5.0,306,497.89,0,Pants
27766,2024-09-25,2024-09-25,1,773.6,39,Unknown,4.0,350,773.6,1,Blanket
27836,2024-06-09,2024-06-09,1,442.68,73,F,4.0,458,442.68,0,Smartphone
28063,2024-05-03,2024-05-03,1,83.5,26,Unknown,4.0,495,83.5,1,Blanket
28186,2024-05-17,2024-05-17,1,75.71,41,M,2.0,481,75.71,2,Yoga Mat
28298,2024-06-07,2024-06-07,1,1040.46,18,F,5.0,460,1040.46,1,Eraser
28381,2024-04-26,2024-04-26,1,324.51,35,F,4.0,502,324.51,1,Blanket
28608,2024-04-08,2024-04-08,1,478.75,51,M,3.0,520,478.75,2,Smartphone
28742,2024-06-02,2024-06-02,1,1678.0500000000002,34,M,4.0,465,1678.0500000000002,1,Smartphone
28844,2024-04-30,2024-04-30,1,757.78,51,M,4.0,498,757.78,0,Eraser
29007,2024-09-11,2024-09-11,1,1337.48,24,M,5.0,364,1337.48,1,Yoga Mat
29111,2024-11-12,2024-11-12,1,797.31,18,F,4.0,302,797.31,1,Blanket
29123,2024-09-12,2024-09-12,1,217.98,39,F,4.0,363,217.98,1,Pants
29197,2024-06-26,2024-06-26,1,670.6,49,M,4.0,441,670.6,0,Yoga Mat
29275,2024-11-23,2024-11-23,1,936.16,68,M,1.0,291,936.16,2,Eraser
29305,2024-07-24,2024-07-24,1,597.9300000000001,23,M,5.0,413,597.9300000000001,1,Blanket
29306,2024-12-07,2024-12-07,1,1076.46,41,M,5.0,277,1076.46,1,Yoga Mat
29312,2024-08-12,2024-08-12,1,1419.32,64,M,5.0,394,1419.32,0,Blanket
29786,2024-09-10,2024-09-10,1,1004.01,23,F,5.0,365,1004.01,1,Eraser
29895,2024-04-17,2024-04-17,1,633.87,47,M,5.0,511,633.87,0,Eraser
29989,2024-12-03,2024-12-03,1,784.64,21,F,5.0,281,784.64,1,Smartphone
30037,2024-08-05,2024-08-05,1,1689.0,28,F,4.0,401,1689.0,1,Pants
30090,2024-03-26,2024-03-26,1,88.56,20,M,5.0,533,88.56,1,Blanket
30197,2024-07-09,2024-07-09,1,305.82,39,Unknown,4.0,428,305.82,1,Eraser
30282,2025-02-19,2025-02-19,1,275.37,68,Unknown,4.0,203,275.37,0,Smartphone
30321,2024-12-11,2024-12-11,1,1431.51,59,Unknown,4.0,273,1431.51,0,Blanket
30444,2024-12-24,2024-12-24,1,247.64,38,F,2.0,260,247.64,2,Blanket
30464,2024-07-01,2024-07-01,1,967.92,25,F,3.0,436,967.92,1,Pants
31245,2024-07-25,2024-07-25,1,96.75,39,F,4.0,412,96.75,1,Pants
31253,2024-12-11,2024-12-11,1,1286.85,43,M,4.0,273,1286.85,1,Eraser
31412,2024-06-17,2024-06-17,1,559.62,61,F,3.0,450,559.62,2,Pants
31593,2025-02-16,2025-02-16,1,415.49,44,F,5.0,206,415.49,1,Yoga Mat
31600,2025-02-19,2025-02-19,1,735.88,32,F,4.0,203,735.88,1,Yoga Mat
31977,2024-04-01,2024-04-01,1,1859.1999999999998,52,Unknown,5.0,527,1859.1999999999998,0,Yoga Mat
32037,2024-11-07,2024-11-07,1,127.75,42,M,4.0,307,127.75,1,Smartphone
32058,2024-05-27,2024-05-27,1,171.96,28,M,3.0,471,171.96,1,Smartphone
32080,2024-05-13,2024-05-13,1,86.4,18,M,3.0,485,86.4,1,Pants
32168,2024-09-29,2024-09-29,1,1916.48,39,F,4.0,346,1916.48,1,Blanket
32206,2024-10-13,2024-10-13,1,163.12,28,M,4.0,332,163.12,1,Yoga Mat
32232,2024-09-23,2024-09-23,1,234.56,55,M,5.0,352,234.56,0,Smartphone
32285,2024-08-23,2024-08-23,1,127.53,43,M,4.0,383,127.53,1,Smartphone
32331,2025-01-23,2025-01-23,1,975.86,61,F,5.0,230,975.86,0,Blanket
32363,2024-04-19,2024-04-19,1,60.16,61,M,3.0,509,60.16,2,Yoga Mat
32522,2024-11-17,2024-11-17,1,1689.92,42,M,5.0,297,1689.92,1,Yoga Mat
32569,2025-02-06,2025-02-06,1,673.78,26,Unknown,1.0,216,673.78,2,Eraser
32637,2024-07-15,2024-07-15,1,304.35,33,F,3.0,422,304.35,2,Pants
32747,2024-06-30,2024-06-30,1,24.0,71,Unknown,3.0,437,24.0,0,Yoga Mat
32787,2024-12-05,2024-12-05,1,442.84999999999997,28,M,4.0,279,442.84999999999997,1,Yoga Mat
32947,2025-01-10,2025-01-10,1,616.82,41,Unknown,5.0,243,616.82,1,Eraser
32978,2024-11-11,2024-11-11,1,1912.68,25,F,4.0,303,1912.68,1,Blanket
33094,2024-08-12,2024-08-12,1,774.1,68,Unknown,5.0,394,774.1,0,Blanket
33156,2025-03-16,2025-03-16,1,903.21,60,F,5.0,178,903.21,0,Smartphone
33203,2024-05-31,2024-05-31,1,1830.8500000000001,62,M,5.0,467,1830.8500000000001,0,Yoga Mat
33496,2024-09-24,2024-09-24,1,874.1500000000001,71,M,5.0,351,874.1500000000001,0,Yoga Mat
33678,2024-04-01,2024-04-01,1,380.08,29,M,1.0,527,380.08,2,Pants
33743,2024-12-24,2024-12-24,1,1216.6200000000001,64,F,5.0,260,1216.6200000000001,0,Yoga Mat
33753,2024-08-18,2024-08-18,1,1432.5,56,F,5.0,388,1432.5,0,Yoga Mat
33770,2025-03-10,2025-03-10,1,433.99,42,M,5.0,184,433.99,1,Smartphone
33851,2024-11-13,2024-11-13,1,419.6,48,F,4.0,301,419.6,1,Eraser
33859,2025-01-26,2025-01-26,1,1338.72,25,F,5.0,227,1338.72,1,Pants
33897,2024-06-11,2024-06-11,1,323.43,48,M,5.0,456,323.43,0,Yoga Mat
34224,2025-01-27,2025-01-27,1,2051.9,35,F,5.0,226,2051.9,1,Smartphone
34358,2025-01-16,2025-01-16,1,27.65,50,M,4.0,237,27.65,1,Pants
34368,2024-07-31,2024-07-31,1,1426.59,69,F,5.0,406,1426.59,0,Pants
34709,2024-10-28,2024-10-28,1,230.16,19,F,5.0,317,230.16,1,Pants
34740,2024-07-04,2024-07-04,1,491.22,44,F,4.0,433,491.22,1,Yoga Mat
35007,2024-06-09,2024-06-09,1,299.54,65,Unknown,5.0,458,299.54,0,Blanket
35014,2024-07-28,2024-07-28,1,54.19,33,Unknown,5.0,409,54.19,1,Pants
35088,2024-08-14,2024-08-14,1,1526.3999999999999,50,M,4.0,392,1526.3999999999999,0,Blanket
35117,2025-02-24,2025-02-24,1,1124.2,60,M,5.0,198,1124.2,0,Eraser
35152,2025-03-01,2025-03-01,1,87.9,64,M,4.0,193,87.9,0,Pants
35155,2024-11-19,2024-11-19,1,993.86,20,F,5.0,295,993.86,1,Smartphone
35219,2025-01-03,2025-01-03,1,1640.24,21,M,1.0,250,1640.24,2,Eraser
35246,2024-10-11,2024-10-11,1,458.04,46,F,5.0,334,458.04,1,Smartphone
35514,2024-08-12,2024-08-12,1,866.76,35,F,4.0,394,866.76,1,Pants
35603,2024-08-15,2024-08-15,1,915.24,68,F,3.0,391,915.24,0,Eraser
35625,2024-11-24,2024-11-24,1,38.7,22,Unknown,3.0,290,38.7,1,Blanket
35717,2025-03-10,2025-03-10,1,239.35,34,F,4.0,184,239.35,1,Eraser
35793,2024-11-23,2024-11-23,1,455.42,66,F,4.0,291,455.42,0,Smartphone
35822,2024-04-22,2024-04-22,1,473.99,57,M,5.0,506,473.99,0,Yoga Mat
36125,2024-06-06,2024-06-06,1,2031.3,30,M,4.0,461,2031.3,1,Yoga Mat
36231,2024-05-18,2024-05-18,1,715.6999999999999,72,M,5.0,480,715.6999999999999,0,Blanket
36278,2024-11-09,2024-11-09,1,130.26,75,F,4.0,305,130.26,0,Yoga Mat
36373,2024-09-25,2024-09-25,1,101.9,50,F,1.0,350,101.9,2,Yoga Mat
36683,2025-02-21,2025-02-21,1,191.54,68,M,4.0,201,191.54,0,Smartphone
36732,2025-01-12,2025-01-12,1,272.73,42,M,5.0,241,272.73,1,Eraser
36759,2024-04-16,2024-04-16,1,776.25,43,F,4.0,512,776.25,1,Eraser
36855,2024-09-22,2024-09-22,1,603.84,43,F,4.0,353,603.84,1,Smartphone
36922,2024-10-17,2024-10-17,1,254.46,75,M,4.0,328,254.46,0,Pants
36926,2024-03-29,2024-03-29,1,274.24,68,F,4.0,530,274.24,0,Eraser
36989,2024-12-22,2024-12-22,1,556.6800000000001,48,F,4.0,262,556.6800000000001,1,Smartphone
37040,2024-07-28,2024-07-28,1,1263.3899999999999,41,F,5.0,409,1263.3899999999999,1,Eraser
37265,2024-05-01,2024-05-01,1,594.0600000000001,37,F,4.0,497,594.0600000000001,1,Pants
37275,2024-07-22,2024-07-22,1,447.13,57,F,5.0,415,447.13,0,Smartphone
37330,2024-03-27,2024-03-27,1,1096.3,49,F,2.0,532,1096.3,2,Yoga Mat
37401,2024-08-16,2024-08-16,1,376.51,63,F,4.0,390,376.51,0,Yoga Mat
37422,2024-08-28,2024-08-28,1,108.6,22,F,3.0,378,108.6,1,Smartphone
37431,2024-04-28,2024-04-28,1,2111.95,26,M,5.0,500,2111.95,1,Eraser
37624,2025-03-08,2025-03-08,1,461.0,20,M,5.0,186,461.0,1,Pants
37729,2024-12-31,2024-12-31,1,255.9,48,F,1.0,253,255.9,2,Blanket
37762,2025-03-07,2025-03-07,1,94.6,32,M,4.0,187,94.6,1,Smartphone
37787,2024-08-02,2024-08-02,1,274.56,35,M,5.0,404,274.56,1,Smartphone
37813,2024-08-02,2024-08-02,1,1105.75,24,F,5.0,404,1105.75,1,Smartphone
37821,2024-07-12,2024-07-12,1,682.36,37,F,5.0,425,682.36,1,Yoga Mat
37972,2024-10-07,2024-10-07,1,1266.96,53,M,4.0,338,1266.96,0,Yoga Mat
38096,2024-05-30,2024-05-30,1,67.7,58,M,5.0,468,67.7,0,Eraser
38114,2024-05-09,2024-05-09,1,575.7,20,M,4.0,489,575.7,1,Blanket
38245,2024-11-11,2024-11-11,1,1363.4,36,Unknown,4.0,303,1363.4,1,Yoga Mat
38512,2025-03-09,2025-03-09,1,1149.05,34,M,5.0,185,1149.05,1,Pants
38523,2024-06-20,2024-06-20,1,121.32,60,M,4.0,447,121.32,0,Blanket
38547,2024-12-10,2024-12-10,1,1422.51,61,M,4.0,274,1422.51,0,Blanket
38565,2024-10-28,2024-10-28,1,2277.15,50,M,5.0,317,2277.15,0,Smartphone
38645,2025-02-12,2025-02-12,1,650.46,27,M,5.0,210,650.46,1,Pants
38806,2024-07-14,2024-07-14,1,449.54999999999995,62,M,5.0,423,449.54999999999995,0,Blanket
38807,2024-10-11,2024-10-11,1,363.16,63,M,4.0,334,363.16,0,Blanket
38808,2024-04-21,2024-04-21,1,627.34,73,M,5.0,507,627.34,0,Pants
39027,2024-12-26,2024-12-26,1,274.59,23,M,4.0,258,274.59,1,Blanket
39126,2024-08-09,2024-08-09,1,1446.84,24,M,5.0,397,1446.84,1,Pants
39236,2024-06-05,2024-06-05,1,158.11,47,M,4.0,462,158.11,1,Blanket
39267,2024-10-02,2024-10-02,1,459.45000000000005,74,F,5.0,343,459.45000000000005,0,Smartphone
39305,2024-07-25,2024-07-25,1,536.48,32,M,2.0,412,536.48,2,Yoga Mat
39329,2024-08-28,2024-08-28,1,709.6,59,F,4.0,378,709.6,0,Eraser
39413,2024-10-01,2024-10-01,1,654.44,23,F,1.0,344,654.44,2,Pants
39427,2024-06-13,2024-06-13,1,1495.32,60,M,3.0,454,1495.32,0,Pants
39659,2025-02-26,2025-02-26,1,623.68,75,M,4.0,196,623.68,0,Pants
39825,2024-03-28,2024-03-28,1,1765.95,50,Unknown,5.0,531,1765.95,0,Eraser
39828,2025-02-12,2025-02-12,1,176.73,75,F,5.0,210,176.73,0,Eraser
39858,2024-08-29,2024-08-29,1,2211.5,19,M,5.0,377,2211.5,1,Pants
39860,2025-03-11,2025-03-11,1,77.42,53,F,5.0,183,77.42,0,Blanket
39945,2024-06-06,2024-06-06,1,911.9499999999999,75,M,2.0,461,911.9499999999999,2,Yoga Mat
40110,2024-07-03,2024-07-03,1,1547.7,27,M,4.0,434,1547.7,1,Yoga Mat
40188,2025-02-24,2025-02-24,1,475.07,75,F,4.0,198,475.07,0,Smartphone
40338,2024-12-31,2024-12-31,1,398.29999999999995,36,M,2.0,253,398.29999999999995,2,Eraser
40540,2024-10-25,2024-10-25,1,1477.0500000000002,72,M,5.0,320,1477.0500000000002,0,Smartphone
40849,2025-01-03,2025-01-03,1,239.72,23,M,4.0,250,239.72,1,Smartphone
41014,2024-07-11,2024-07-11,1,390.35,34,M,5.0,426,390.35,1,Eraser
41063,2024-07-21,2024-07-21,1,412.04999999999995,27,F,1.0,416,412.04999999999995,2,Yoga Mat
41135,2024-08-17,2024-08-17,1,231.36,23,M,5.0,389,231.36,1,Blanket
41166,2024-04-17,2024-04-17,1,258.7,61,F,4.0,511,258.7,0,Yoga Mat
41333,2024-05-04,2024-05-04,1,1194.93,43,M,4.0,494,1194.93,1,Smartphone
41394,2024-12-17,2024-12-17,1,1287.33,69,F,3.0,267,1287.33,0,Blanket
41492,2024-07-02,2024-07-02,1,805.12,74,M,4.0,435,805.12,0,Yoga Mat
41567,2025-01-25,2025-01-25,1,1024.72,32,F,4.0,228,1024.72,1,Pants
41613,2025-02-21,2025-02-21,1,2437.6499999999996,19,F,4.0,201,2437.6499999999996,1,Blanket
41736,2024-10-28,2024-10-28,1,787.96,72,Unknown,4.0,317,787.96,0,Smartphone
42068,2024-05-12,2024-05-12,1,764.05,19,Unknown,5.0,486,764.05,1,Eraser
42097,2024-05-08,2024-05-08,1,639.48,63,F,5.0,490,639.48,0,Smartphone
42115,2024-11-09,2024-11-09,1,156.88,55,F,4.0,305,156.88,0,Pants
42128,2024-11-13,2024-11-13,1,585.8,46,M,4.0,301,585.8,1,Blanket
42185,2024-09-24,2024-09-24,1,172.3,35,M,4.0,351,172.3,1,Yoga Mat
42238,2024-07-24,2024-07-24,1,1355.52,55,F,3.0,413,1355.52,2,Smartphone
42739,2024-09-29,2024-09-29,1,2434.5,43,M,5.0,346,2434.5,0,Smartphone
42780,2024-11-26,2024-11-26,1,485.16,32,M,4.0,288,485.16,1,Eraser
42912,2024-10-05,2024-10-05,1,301.5,21,F,4.0,340,301.5,1,Eraser
42991,2024-08-24,2024-08-24,1,261.6,44,F,2.0,382,261.6,2,Blanket
43023,2024-11-13,2024-11-13,1,1978.1999999999998,44,M,4.0,301,1978.1999999999998,0,Blanket
43043,2025-02-27,2025-02-27,1,928.25,24,F,4.0,195,928.25,1,Smartphone
43115,2024-12-28,2024-12-28,1,603.96,65,M,4.0,256,603.96,0,Yoga Mat
43139,2024-07-06,2024-07-06,1,62.300000000000004,67,F,3.0,431,62.300000000000004,0,Smartphone
43226,2024-09-09,2024-09-09,1,306.53,32,M,5.0,366,306.53,1,Smartphone
43279,2024-03-30,2024-03-30,1,989.0,26,M,2.0,529,989.0,2,Blanket
43591,2024-06-12,2024-06-12,1,681.72,37,M,5.0,455,681.72,1,Yoga Mat
43869,2024-06-27,2024-06-27,1,111.26,69,F,3.0,440,111.26,0,Blanket
43949,2025-01-28,2025-01-28,1,476.25,27,F,4.0,225,476.25,1,Blanket
43995,2024-04-26,2024-04-26,1,1503.92,62,F,4.0,502,1503.92,0,Eraser
44020,2024-12-23,2024-12-23,1,823.1,62,F,4.0,261,823.1,0,Smartphone
44035,2024-08-10,2024-08-10,1,1168.48,39,F,4.0,396,1168.48,1,Smartphone
44293,2024-10-26,2024-10-26,1,1348.44,72,Unknown,4.0,319,1348.44,0,Pants
44470,2024-03-20,2024-03-20,1,142.5,61,F,5.0,539,142.5,0,Yoga Mat
44592,2024-08-17,2024-08-17,1,828.74,66,Unknown,4.0,389,828.74,0,Yoga Mat
44704,2025-02-25,2025-02-25,1,150.08,62,F,4.0,197,150.08,0,Blanket
44793,2024-05-17,2024-05-17,1,1701.6,54,F,1.0,481,1701.6,2,Smartphone
44902,2024-07-12,2024-07-12,1,1897.0,34,F,5.0,425,1897.0,1,Eraser
44994,2024-12-14,2024-12-14,1,1347.1000000000001,42,Unknown,5.0,270,1347.1000000000001,1,Smartphone
45059,2025-01-15,2025-01-15,1,230.09,49,M,1.0,238,230.09,2,Yoga Mat
45081,2025-02-05,2025-02-05,1,127.0,55,Unknown,4.0,217,127.0,0,Pants
45232,2024-05-28,2024-05-28,1,278.86,67,F,4.0,470,278.86,0,Blanket
45241,2024-10-14,2024-10-14,1,707.35,29,F,4.0,331,707.35,1,Eraser
45242,2025-01-14,2025-01-14,1,1503.64,73,F,2.0,239,1503.64,2,Pants
45270,2024-04-26,2024-04-26,1,410.45,71,F,4.0,502,410.45,0,Eraser
45307,2025-01-14,2025-01-14,1,69.76,68,F,1.0,239,69.76,2,Eraser
45326,2024-08-15,2024-08-15,1,659.84,41,M,4.0,391,659.84,1,Pants
45435,2024-07-06,2024-07-06,1,1265.5500000000002,25,F,5.0,431,1265.5500000000002,1,Eraser
45453,2024-08-15,2024-08-15,1,878.22,63,M,4.0,391,878.22,0,Eraser
45508,2024-10-15,2024-10-15,1,1358.6999999999998,53,F,5.0,330,1358.6999999999998,0,Yoga Mat
45637,2024-10-22,2024-10-22,1,685.6500000000001,62,F,4.0,323,685.6500000000001,0,Blanket
45679,2025-02-08,2025-02-08,1,1726.92,75,Unknown,3.0,214,1726.92,0,Smartphone
45699,2025-02-03,2025-02-03,1,53.849999999999994,26,F,5.0,219,53.849999999999994,1,Pants
45719,2024-08-25,2024-08-25,1,1044.93,26,M,3.0,381,1044.93,1,Eraser
45831,2025-02-07,2025-02-07,1,151.94,74,F,4.0,215,151.94,0,Eraser
46001,2024-10-14,2024-10-14,1,297.8,40,M,4.0,331,297.8,1,Yoga Mat
46034,2024-04-26,2024-04-26,1,579.55,54,M,4.0,502,579.55,0,Eraser
46059,2025-01-27,2025-01-27,1,1897.08,40,F,5.0,226,1897.08,1,Pants
46239,2025-01-26,2025-01-26,1,867.34,52,Unknown,4.0,227,867.34,0,Yoga Mat
46244,2024-07-23,2024-07-23,1,1361.1000000000001,62,M,5.0,414,1361.1000000000001,0,Yoga Mat
46326,2024-12-15,2024-12-15,1,1710.6,31,M,3.0,269,1710.6,1,Smartphone
46587,2024-06-26,2024-06-26,1,1215.06,52,M,4.0,441,1215.06,0,Yoga Mat
46781,2024-07-03,2024-07-03,1,282.92,32,M,4.0,434,282.92,1,Eraser
46834,2024-06-24,2024-06-24,1,1826.6499999999999,24,M,3.0,443,1826.6499999999999,1,Smartphone
46965,2025-02-21,2025-02-21,1,1031.94,47,F,5.0,201,1031.94,1,Blanket
46992,2024-05-13,2024-05-13,1,454.26,30,F,4.0,485,454.26,1,Pants
47189,2024-05-10,2024-05-10,1,385.88,57,M,5.0,488,385.88,0,Blanket
47212,2024-03-28,2024-03-28,1,1910.72,29,M,4.0,531,1910.72,1,Pants
47231,2024-11-12,2024-11-12,1,257.1,23,M,2.0,302,257.1,2,Yoga Mat
47335,2024-08-25,2024-08-25,1,1553.8999999999999,49,F,5.0,381,1553.8999999999999,0,Smartphone
47342,2024-08-30,2024-08-30,1,904.92,59,M,5.0,376,904.92,0,Smartphone
47349,2025-01-26,2025-01-26,1,764.3,47,F,5.0,227,764.3,1,Eraser
47453,2024-08-04,2024-08-04,1,72.72,58,F,2.0,402,72.72,2,Blanket
47485,2025-01-16,2025-01-16,1,55.6,55,F,5.0,237,55.6,0,Blanket
47548,2025-01-31,2025-01-31,1,452.96,36,F,1.0,222,452.96,2,Blanket
47566,2024-09-07,2024-09-07,1,864.12,32,F,3.0,368,864.12,1,Pants
47601,2024-07-31,2024-07-31,1,483.8,24,Unknown,3.0,406,483.8,1,Yoga Mat
47637,2024-09-28,2024-09-28,1,969.86,42,F,4.0,347,969.86,1,Eraser
47725,2024-09-12,2024-09-12,1,319.98,36,F,4.0,363,319.98,1,Pants
47814,2024-07-17,2024-07-17,1,146.28,39,F,4.0,420,146.28,1,Pants
47962,2024-06-13,2024-06-13,1,70.35,22,F,4.0,454,70.35,1,Smartphone
47971,2024-04-06,2024-04-06,1,1395.6,47,F,4.0,522,1395.6,0,Pants
48216,2024-08-12,2024-08-12,1,1141.1499999999999,21,M,4.0,394,1141.1499999999999,1,Eraser
48362,2024-05-12,2024-05-12,1,81.21,45,M,4.0,486,81.21,1,Smartphone
48366,2024-10-12,2024-10-12,1,981.9000000000001,48,F,5.0,333,981.9000000000001,0,Smartphone
48519,2024-09-22,2024-09-22,1,825.12,67,M,4.0,353,825.12,0,Blanket
48551,2025-01-14,2025-01-14,1,646.29,69,F,5.0,239,646.29,0,Eraser
48604,2024-03-30,2024-03-30,1,1152.45,36,M,4.0,529,1152.45,1,Blanket
48665,2024-05-14,2024-05-14,1,911.2,65,M,5.0,484,911.2,0,Smartphone
48690,2024-04-11,2024-04-11,1,419.84999999999997,18,F,5.0,517,419.84999999999997,1,Pants
48695,2024-04-12,2024-04-12,1,765.56,34,F,5.0,516,765.56,1,Blanket
48725,2024-06-02,2024-06-02,1,822.66,64,F,4.0,465,822.66,0,Smartphone
48803,2024-09-27,2024-09-27,1,481.21,31,M,5.0,348,481.21,1,Blanket
48813,2025-03-14,2025-03-14,1,191.02,75,F,5.0,180,191.02,0,Smartphone
48855,2024-11-05,2024-11-05,1,447.49,47,F,4.0,309,447.49,1,Eraser
48878,2024-09-07,2024-09-07,1,167.94,75,F,4.0,368,167.94,0,Blanket
48904,2025-02-07,2025-02-07,1,1318.53,63,F,5.0,215,1318.53,0,Smartphone
49017,2024-05-07,2024-05-07,1,255.32,70,F,4.0,491,255.32,0,Pants
49232,2024-07-03,2024-07-03,1,415.86,53,F,4.0,434,415.86,0,Blanket
49262,2024-07-14,2024-07-14,1,77.37,22,Unknown,5.0,423,77.37,1,Pants
49331,2024-05-21,2024-05-21,1,611.15,32,M,5.0,477,611.15,1,Blanket
49509,2024-08-18,2024-08-18,1,194.81,58,F,5.0,388,194.81,0,Smartphone
49580,2024-12-25,2024-12-25,1,373.83,30,M,4.0,259,373.83,1,Eraser
49651,2024-04-08,2024-04-08,1,1070.88,19,M,4.0,520,1070.88,1,Eraser
49701,2024-04-21,2024-04-21,1,107.79,63,F,3.0,507,107.79,2,Eraser
49765,2024-04-21,2024-04-21,1,1156.1100000000001,35,M,1.0,507,1156.1100000000001,2,Eraser
49769,2025-02-11,2025-02-11,1,2028.85,26,M,4.0,211,2028.85,1,Yoga Mat
49782,2024-10-27,2024-10-27,1,1282.44,63,M,5.0,318,1282.44,0,Smartphone
49861,2024-11-24,2024-11-24,1,192.62,46,M,5.0,290,192.62,1,Pants
49956,2025-01-17,2025-01-17,1,317.6,24,M,4.0,236,317.6,1,Blanket
49993,2024-03-23,2024-03-23,1,162.38,73,F,5.0,536,162.38,0,Smartphone
50139,2024-12-10,2024-12-10,1,1552.0,53,M,3.0,274,1552.0,2,Blanket
50142,2024-10-18,2024-10-18,1,301.02,18,Unknown,4.0,327,301.02,1,Pants
50145,2024-10-26,2024-10-26,1,963.21,34,M,3.0,319,963.21,1,Smartphone
50200,2024-05-03,2024-05-03,1,514.02,39,F,4.0,495,514.02,1,Yoga Mat
50437,2024-09-20,2024-09-20,1,532.54,34,M,2.0,355,532.54,2,Eraser
50447,2024-10-21,2024-10-21,1,501.96,22,M,5.0,324,501.96,1,Eraser
50538,2024-10-02,2024-10-02,1,493.28,33,Unknown,5.0,343,493.28,1,Eraser
50575,2024-09-24,2024-09-24,1,903.32,29,M,4.0,351,903.32,1,Yoga Mat
50771,2024-05-16,2024-05-16,1,855.04,24,F,5.0,482,855.04,1,Yoga Mat
50813,2025-01-29,2025-01-29,1,693.4,70,Unknown,5.0,224,693.4,0,Yoga Mat
50842,2024-10-14,2024-10-14,1,799.5,58,Unknown,4.0,331,799.5,0,Yoga Mat
50848,2024-08-27,2024-08-27,1,1400.2,65,M,1.0,379,1400.2,2,Yoga Mat
50937,2024-11-05,2024-11-05,1,92.22,46,F,5.0,309,92.22,1,Blanket
50980,2024-05-29,2024-05-29,1,89.6,27,Unknown,5.0,469,89.6,1,Eraser
51031,2024-05-25,2024-05-25,1,562.92,50,F,4.0,473,562.92,0,Eraser
51106,2025-03-03,2025-03-03,1,297.34,38,M,5.0,191,297.34,1,Yoga Mat
51171,2024-09-08,2024-09-08,1,439.96,19,F,5.0,367,439.96,1,Yoga Mat
51301,2025-01-07,2025-01-07,1,365.95,43,M,5.0,246,365.95,1,Blanket
51391,2025-02-15,2025-02-15,1,1233.4,31,F,5.0,207,1233.4,1,Blanket
51408,2025-02-14,2025-02-14,1,424.96,59,M,4.0,208,424.96,0,Eraser
51458,2025-01-27,2025-01-27,1,389.49,19,F,4.0,226,389.49,1,Eraser
51679,2024-03-29,2024-03-29,1,405.16,32,Unknown,5.0,530,405.16,1,Eraser
51714,2024-07-12,2024-07-12,1,1359.6,27,M,5.0,425,1359.6,1,Eraser
51729,2025-01-24,2025-01-24,1,955.3199999999999,23,F,5.0,229,955.3199999999999,1,Yoga Mat
51963,2024-08-04,2024-08-04,1,448.83000000000004,61,M,5.0,402,448.83000000000004,0,Eraser
51971,2024-04-09,2024-04-09,1,461.44,41,F,4.0,519,461.44,1,Yoga Mat
52052,2024-10-27,2024-10-27,1,1031.34,20,F,4.0,318,1031.34,1,Eraser
52134,2024-04-11,2024-04-11,1,340.27,65,M,1.0,517,340.27,2,Yoga Mat
52189,2024-09-01,2024-09-01,1,183.61,49,F,4.0,374,183.61,0,Smartphone
52213,2025-02-21,2025-02-21,1,202.55,57,M,5.0,201,202.55,0,Blanket
52278,2024-07-25,2024-07-25,1,1385.73,21,M,3.0,412,1385.73,1,Smartphone
52324,2024-09-20,2024-09-20,1,520.28,64,M,4.0,355,520.28,0,Pants
52435,2024-11-11,2024-11-11,1,1701.55,18,M,4.0,303,1701.55,1,Smartphone
52566,2025-01-24,2025-01-24,1,459.4,31,F,2.0,229,459.4,2,Blanket
52647,2024-12-16,2024-12-16,1,1735.08,43,M,5.0,268,1735.08,1,Yoga Mat
52736,2024-04-15,2024-04-15,1,335.18,49,F,3.0,513,335.18,2,Pants
52751,2024-09-08,2024-09-08,1,751.11,43,M,4.0,367,751.11,1,Yoga Mat
52835,2024-04-11,2024-04-11,1,763.0,31,F,4.0,517,763.0,1,Eraser
52849,2024-03-20,2024-03-20,1,298.14,19,F,4.0,539,298.14,1,Pants
53004,2024-09-19,2024-09-19,1,1246.9,20,M,4.0,356,1246.9,1,Blanket
53070,2024-11-19,2024-11-19,1,334.79999999999995,68,F,5.0,295,334.79999999999995,0,Yoga Mat
53191,2024-11-21,2024-11-21,1,818.24,30,M,4.0,293,818.24,1,Blanket
53269,2024-08-09,2024-08-09,1,1730.95,54,M,5.0,397,1730.95,0,Eraser
53270,2024-09-15,2024-09-15,1,431.8,65,F,4.0,360,431.8,0,Pants
53474,2024-09-26,2024-09-26,1,1400.75,44,F,4.0,349,1400.75,1,Eraser
53575,2024-05-04,2024-05-04,1,225.06,33,M,4.0,494,225.06,1,Eraser
53649,2024-12-22,2024-12-22,1,329.05,56,F,4.0,262,329.05,0,Yoga Mat
53652,2024-06-14,2024-06-14,1,2080.6,56,F,5.0,453,2080.6,0,Eraser
53754,2024-07-11,2024-07-11,1,92.5,73,F,2.0,426,92.5,2,Yoga Mat
53811,2024-09-21,2024-09-21,1,2131.85,52,F,4.0,354,2131.85,0,Eraser
53843,2024-11-12,2024-11-12,1,2052.75,38,F,5.0,302,2052.75,1,Blanket
53860,2024-05-14,2024-05-14,1,358.26,62,F,2.0,484,358.26,2,Yoga Mat
53928,2024-07-18,2024-07-18,1,1288.65,35,F,5.0,419,1288.65,1,Smartphone
53977,2024-12-17,2024-12-17,1,117.37,43,F,4.0,267,117.37,1,Yoga Mat
53993,2025-03-06,2025-03-06,1,842.6999999999999,47,M,5.0,188,842.6999999999999,1,Pants
54306,2024-09-26,2024-09-26,1,333.66,39,M,4.0,349,333.66,1,Yoga Mat
54318,2024-06-29,2024-06-29,1,983.94,18,M,4.0,438,983.94,1,Smartphone
54371,2025-02-05,2025-02-05,1,627.48,37,Unknown,3.0,217,627.48,1,Pants
54453,2025-01-28,2025-01-28,1,235.56,19,F,4.0,225,235.56,1,Blanket
54459,2024-05-22,2024-05-22,1,1777.0,35,M,5.0,476,1777.0,1,Blanket
54476,2025-01-14,2025-01-14,1,368.4,21,F,5.0,239,368.4,1,Smartphone
54503,2024-04-03,2024-04-03,1,674.5,42,F,2.0,525,674.5,2,Yoga Mat
54614,2024-12-10,2024-12-10,1,55.6,61,M,4.0,274,55.6,0,Eraser
54625,2025-01-21,2025-01-21,1,297.48,70,Unknown,4.0,232,297.48,0,Yoga Mat
54627,2024-08-18,2024-08-18,1,52.33,42,M,4.0,388,52.33,1,Blanket
54630,2025-02-05,2025-02-05,1,1667.56,64,F,4.0,217,1667.56,0,Blanket
54645,2024-07-30,2024-07-30,1,1418.76,75,F,5.0,407,1418.76,0,Yoga Mat
54710,2024-04-11,2024-04-11,1,1201.85,27,M,5.0,517,1201.85,1,Smartphone
54869,2024-03-29,2024-03-29,1,1947.36,42,F,5.0,530,1947.36,0,Smartphone
54901,2024-06-04,2024-06-04,1,1128.84,23,F,5.0,463,1128.84,1,Eraser
54917,2024-12-26,2024-12-26,1,628.96,62,F,4.0,258,628.96,0,Pants
55003,2024-11-13,2024-11-13,1,636.56,74,M,4.0,301,636.56,0,Smartphone
55098,2025-02-04,2025-02-04,1,115.0,64,F,5.0,218,115.0,0,Yoga Mat
55131,2024-11-08,2024-11-08,1,296.62,67,M,5.0,306,296.62,0,Eraser
55134,2024-12-04,2024-12-04,1,1948.84,46,M,4.0,280,1948.84,0,Yoga Mat
55184,2024-06-09,2024-06-09,1,157.05,23,M,5.0,458,157.05,1,Pants
55304,2024-11-16,2024-11-16,1,36.52,34,F,4.0,298,36.52,1,Smartphone
55371,2024-04-02,2024-04-02,1,1054.76,73,Unknown,5.0,526,1054.76,0,Yoga Mat
55421,2025-03-16,2025-03-16,1,614.24,26,M,4.0,178,614.24,1,Blanket
55426,2024-12-08,2024-12-08,1,2244.6,69,Unknown,5.0,276,2244.6,0,Yoga Mat
55438,2024-06-09,2024-06-09,1,247.95000000000002,51,M,3.0,458,247.95000000000002,2,Smartphone
55539,2024-12-13,2024-12-13,1,724.75,59,F,5.0,271,724.75,0,Smartphone
55540,2024-10-06,2024-10-06,1,900.36,23,F,1.0,339,900.36,2,Smartphone
55698,2025-03-16,2025-03-16,1,404.04,48,M,5.0,178,404.04,1,Eraser
55865,2024-03-26,2024-03-26,1,341.89,64,M,5.0,533,341.89,0,Eraser
55905,2025-03-02,2025-03-02,1,99.84,73,F,3.0,192,99.84,0,Blanket
55931,2024-09-13,2024-09-13,1,656.2,46,F,5.0,362,656.2,1,Eraser
55956,2024-05-17,2024-05-17,1,1250.6399999999999,70,F,4.0,481,1250.6399999999999,0,Pants
56073,2024-05-02,2024-05-02,1,486.0,57,M,4.0,496,486.0,0,Yoga Mat
56081,2025-03-09,2025-03-09,1,1851.2,38,M,4.0,185,1851.2,1,Smartphone
56269,2024-08-25,2024-08-25,1,778.65,57,F,4.0,381,778.65,0,Blanket
56431,2024-07-03,2024-07-03,1,451.26,42,M,3.0,434,451.26,2,Pants
56464,2024-09-23,2024-09-23,1,483.14,44,M,5.0,352,483.14,1,Pants
56589,2024-12-27,2024-12-27,1,275.82,18,M,3.0,257,275.82,1,Pants
56705,2024-08-12,2024-08-12,1,337.3,38,M,2.0,394,337.3,2,Pants
56744,2024-08-17,2024-08-17,1,1508.3000000000002,27,F,4.0,389,1508.3000000000002,1,Yoga Mat
56829,2024-08-04,2024-08-04,1,311.67,59,M,4.0,402,311.67,0,Smartphone
56948,2025-01-28,2025-01-28,1,1051.92,55,M,4.0,225,1051.92,0,Pants
56955,2024-07-14,2024-07-14,1,183.3,24,M,5.0,423,183.3,1,Pants
57116,2024-10-06,2024-10-06,1,58.650000000000006,60,F,4.0,339,58.650000000000006,0,Pants
57134,2024-08-29,2024-08-29,1,197.24,42,F,4.0,377,197.24,1,Smartphone
57158,2024-07-25,2024-07-25,1,46.96,59,M,5.0,412,46.96,0,Blanket
57240,2024-12-12,2024-12-12,1,1832.32,61,M,5.0,272,1832.32,0,Smartphone
57366,2024-05-09,2024-05-09,1,663.72,32,F,4.0,489,663.72,1,Smartphone
57419,2024-12-15,2024-12-15,1,846.44,29,M,2.0,269,846.44,2,Smartphone
57449,2024-10-20,2024-10-20,1,187.60000000000002,32,F,1.0,325,187.60000000000002,2,Smartphone
57457,2024-05-11,2024-05-11,1,80.65,37,Unknown,5.0,487,80.65,1,Pants
57585,2025-01-07,2025-01-07,1,1977.28,50,F,5.0,246,1977.28,0,Eraser
57960,2024-04-09,2024-04-09,1,220.22,29,M,3.0,519,220.22,1,Eraser
58032,2024-04-04,2024-04-04,1,59.88,22,F,4.0,524,59.88,1,Blanket
58103,2025-01-29,2025-01-29,1,1306.1100000000001,18,M,4.0,224,1306.1100000000001,1,Blanket
58130,2024-05-17,2024-05-17,1,138.55,56,F,4.0,481,138.55,0,Eraser
58283,2025-01-25,2025-01-25,1,414.51,22,F,5.0,228,414.51,1,Blanket
58295,2024-07-17,2024-07-17,1,746.73,39,M,5.0,420,746.73,1,Pants
58363,2024-09-02,2024-09-02,1,436.34999999999997,63,M,5.0,373,436.34999999999997,0,Smartphone
58368,2024-12-08,2024-12-08,1,488.49,23,F,5.0,276,488.49,1,Pants
58481,2024-04-18,2024-04-18,1,398.24,57,Unknown,5.0,510,398.24,0,Yoga Mat
58706,2025-02-07,2025-02-07,1,1406.48,65,F,5.0,215,1406.48,0,Pants
58789,2024-07-01,2024-07-01,1,197.28,72,M,5.0,436,197.28,0,Eraser
58848,2024-08-08,2024-08-08,1,194.16,36,Unknown,5.0,398,194.16,1,Blanket
58911,2024-07-03,2024-07-03,1,236.22,72,F,5.0,434,236.22,0,Yoga Mat
59266,2024-10-14,2024-10-14,1,972.2,63,F,4.0,331,972.2,0,Smartphone
59338,2025-01-03,2025-01-03,1,1915.76,48,M,1.0,250,1915.76,2,Blanket
59486,2024-11-29,2024-11-29,1,2378.1,61,F,4.0,285,2378.1,0,Blanket
59603,2024-09-05,2024-09-05,1,804.84,28,F,2.0,370,804.84,2,Pants
59644,2024-10-28,2024-10-28,1,541.95,61,M,5.0,317,541.95,0,Eraser
59875,2024-08-02,2024-08-02,1,1339.04,49,Unknown,5.0,404,1339.04,0,Eraser
59944,2025-02-06,2025-02-06,1,723.98,51,M,4.0,216,723.98,0,Yoga Mat
60024,2024-08-21,2024-08-21,1,1172.2,71,F,4.0,385,1172.2,0,Yoga Mat
60036,2024-11-27,2024-11-27,1,1332.92,57,F,4.0,287,1332.92,0,Pants
60063,2024-12-19,2024-12-19,1,432.67,68,F,5.0,265,432.67,0,Yoga Mat
60144,2025-01-23,2025-01-23,1,344.92,65,M,4.0,230,344.92,0,Smartphone
60294,2024-04-19,2024-04-19,1,603.08,26,F,5.0,509,603.08,1,Blanket
60295,2024-09-14,2024-09-14,1,699.08,71,M,5.0,361,699.08,0,Yoga Mat
60664,2024-08-12,2024-08-12,1,559.08,21,M,4.0,394,559.08,1,Blanket
60712,2025-02-09,2025-02-09,1,120.9,57,M,5.0,213,120.9,0,Yoga Mat
60796,2024-06-01,2024-06-01,1,482.66,73,M,3.0,466,482.66,0,Yoga Mat
60807,2025-01-07,2025-01-07,1,280.12,39,F,4.0,246,280.12,1,Pants
60808,2025-01-08,2025-01-08,1,190.77,19,M,5.0,245,190.77,1,Yoga Mat
61065,2024-04-20,2024-04-20,1,465.66,25,M,1.0,508,465.66,2,Smartphone
61272,2024-05-01,2024-05-01,1,138.72,18,M,4.0,497,138.72,1,Eraser
61294,2024-08-23,2024-08-23,1,459.14,38,M,4.0,383,459.14,1,Eraser
61329,2024-12-07,2024-12-07,1,101.04,74,M,5.0,277,101.04,0,Smartphone
61332,2024-06-01,2024-06-01,1,137.88,39,Unknown,4.0,466,137.88,1,Yoga Mat
61358,2025-02-26,2025-02-26,1,2382.6499999999996,51,F,4.0,196,2382.6499999999996,0,Pants
61360,2024-12-03,2024-12-03,1,1372.32,60,M,5.0,281,1372.32,0,Smartphone
61427,2024-09-17,2024-09-17,1,886.16,71,M,3.0,358,886.16,0,Smartphone
61595,2024-11-01,2024-11-01,1,790.02,32,F,5.0,313,790.02,1,Eraser
61642,2024-11-24,2024-11-24,1,241.61,19,M,5.0,290,241.61,1,Yoga Mat
61650,2024-12-19,2024-12-19,1,395.92,29,M,4.0,265,395.92,1,Smartphone
61717,2024-08-31,2024-08-31,1,786.98,57,F,4.0,375,786.98,0,Smartphone
61930,2024-04-05,2024-04-05,1,1086.6,44,F,2.0,523,1086.6,2,Smartphone
61935,2024-04-14,2024-04-14,1,1180.53,68,M,2.0,514,1180.53,2,Blanket
62030,2024-05-28,2024-05-28,1,91.78,64,F,5.0,470,91.78,0,Smartphone
62120,2025-03-05,2025-03-05,1,1369.1399999999999,50,F,3.0,189,1369.1399999999999,2,Yoga Mat
62183,2024-04-04,2024-04-04,1,989.62,52,F,3.0,524,989.62,2,Yoga Mat
62189,2025-02-21,2025-02-21,1,261.69,54,F,3.0,201,261.69,2,Smartphone
62323,2024-11-04,2024-11-04,1,1142.15,26,M,4.0,310,1142.15,1,Blanket
62444,2024-10-14,2024-10-14,1,1057.0500000000002,70,M,5.0,331,1057.0500000000002,0,Smartphone
62506,2024-05-09,2024-05-09,1,294.45,65,M,1.0,489,294.45,2,Yoga Mat
62597,2024-08-17,2024-08-17,1,132.34,54,M,3.0,389,132.34,2,Pants
62697,2024-09-19,2024-09-19,1,942.24,25,M,4.0,356,942.24,1,Smartphone
62699,2024-04-11,2024-04-11,1,77.12,36,M,4.0,517,77.12,1,Smartphone
62764,2024-11-03,2024-11-03,1,146.84,23,M,4.0,311,146.84,1,Eraser
62821,2025-01-15,2025-01-15,1,921.35,36,F,2.0,238,921.35,2,Smartphone
62824,2024-12-25,2024-12-25,1,1609.7,63,F,2.0,259,1609.7,2,Blanket
62833,2024-04-05,2024-04-05,1,457.29,71,F,1.0,523,457.29,2,Pants
62981,2024-07-20,2024-07-20,1,845.98,67,Unknown,5.0,417,845.98,0,Blanket
63014,2025-03-12,2025-03-12,1,188.43,39,F,4.0,182,188.43,1,Pants
63024,2024-12-24,2024-12-24,1,1441.9499999999998,73,F,5.0,260,1441.9499999999998,0,Blanket
63051,2024-08-15,2024-08-15,1,100.18,33,Unknown,5.0,391,100.18,1,Yoga Mat
63100,2024-12-18,2024-12-18,1,2053.0,58,F,3.0,266,2053.0,0,Smartphone
63278,2024-05-31,2024-05-31,1,430.26,53,Unknown,5.0,467,430.26,0,Eraser
63313,2024-08-09,2024-08-09,1,1330.8000000000002,59,F,1.0,397,1330.8000000000002,2,Yoga Mat
63665,2024-11-14,2024-11-14,1,168.47,41,F,4.0,300,168.47,1,Blanket
63722,2024-06-24,2024-06-24,1,404.83,36,Unknown,4.0,443,404.83,1,Blanket
63842,2024-06-22,2024-06-22,1,921.5,68,F,5.0,445,921.5,0,Pants
63872,2024-05-10,2024-05-10,1,706.88,33,F,1.0,488,706.88,2,Pants
63876,2024-09-04,2024-09-04,1,215.68,53,F,1.0,371,215.68,2,Yoga Mat
63919,2024-04-23,2024-04-23,1,38.67,54,M,2.0,505,38.67,2,Eraser
64016,2024-10-29,2024-10-29,1,189.89,61,F,5.0,316,189.89,0,Blanket
64326,2024-08-15,2024-08-15,1,1379.4,63,F,4.0,391,1379.4,0,Eraser
64425,2024-12-19,2024-12-19,1,1019.6500000000001,22,M,5.0,265,1019.6500000000001,1,Yoga Mat
64496,2024-06-18,2024-06-18,1,405.91,61,M,1.0,449,405.91,2,Eraser
64578,2024-07-01,2024-07-01,1,35.52,54,M,1.0,436,35.52,2,Smartphone
64649,2024-12-07,2024-12-07,1,664.9,45,M,4.0,277,664.9,1,Eraser
64684,2024-11-16,2024-11-16,1,197.69,53,M,5.0,298,197.69,0,Pants
64799,2024-10-30,2024-10-30,1,1385.76,71,F,4.0,315,1385.76,0,Yoga Mat
65011,2025-02-20,2025-02-20,1,1533.44,42,F,5.0,202,1533.44,1,Blanket
65102,2024-09-10,2024-09-10,1,107.09,52,F,3.0,365,107.09,2,Pants
65208,2024-10-28,2024-10-28,1,460.22,34,M,5.0,317,460.22,1,Eraser
65235,2024-07-29,2024-07-29,1,299.39,19,M,3.0,408,299.39,1,Eraser
65284,2025-01-14,2025-01-14,1,383.34000000000003,75,M,4.0,239,383.34000000000003,0,Pants
65398,2024-11-18,2024-11-18,1,888.4,33,M,1.0,296,888.4,2,Yoga Mat
65546,2024-04-01,2024-04-01,1,1603.76,65,F,2.0,527,1603.76,2,Pants
65571,2024-03-20,2024-03-20,1,135.56,20,M,4.0,539,135.56,1,Pants
65579,2024-10-07,2024-10-07,1,142.29,63,M,5.0,338,142.29,0,Smartphone
65624,2024-03-26,2024-03-26,1,376.94,63,Unknown,5.0,533,376.94,0,Yoga Mat
65789,2024-08-12,2024-08-12,1,274.74,69,M,5.0,394,274.74,0,Blanket
65819,2024-06-16,2024-06-16,1,511.8,34,M,4.0,451,511.8,1,Yoga Mat
66073,2025-01-30,2025-01-30,1,938.66,40,M,5.0,223,938.66,1,Blanket
66122,2024-11-06,2024-11-06,1,401.05,46,M,4.0,308,401.05,1,Yoga Mat
66492,2025-02-21,2025-02-21,1,1500.52,30,M,5.0,201,1500.52,1,Smartphone
66566,2024-07-28,2024-07-28,1,500.5,19,F,4.0,409,500.5,1,Blanket
66682,2025-02-04,2025-02-04,1,315.09,42,F,5.0,218,315.09,1,Yoga Mat
66782,2024-07-04,2024-07-04,1,125.94,48,F,5.0,433,125.94,0,Pants
66861,2025-02-23,2025-02-23,1,440.01,20,F,1.0,199,440.01,2,Pants
66977,2025-03-18,2025-03-18,1,354.32,67,M,5.0,176,354.32,0,Pants
67215,2024-12-02,2024-12-02,1,242.04,71,M,4.0,282,242.04,0,Pants
67232,2024-05-29,2024-05-29,1,344.44,52,F,1.0,469,344.44,2,Pants
67405,2024-04-13,2024-04-13,1,170.62,43,F,4.0,515,170.62,1,Pants
67596,2025-02-15,2025-02-15,1,552.78,41,F,5.0,207,552.78,1,Yoga Mat
67667,2024-11-14,2024-11-14,1,1098.42,37,M,5.0,300,1098.42,1,Eraser
67837,2025-02-02,2025-02-02,1,281.72,39,F,5.0,220,281.72,1,Eraser
67967,2024-05-04,2024-05-04,1,1485.72,30,Unknown,4.0,494,1485.72,1,Eraser
68218,2024-06-11,2024-06-11,1,948.6,39,F,4.0,456,948.6,1,Yoga Mat
68220,2024-09-15,2024-09-15,1,226.42,50,F,1.0,360,226.42,2,Blanket
68238,2025-03-17,2025-03-17,1,996.75,68,M,4.0,177,996.75,0,Yoga Mat
68416,2024-12-15,2024-12-15,1,110.75,44,F,5.0,269,110.75,1,Pants
68604,2024-04-07,2024-04-07,1,666.1,45,F,4.0,521,666.1,1,Yoga Mat
68792,2024-11-09,2024-11-09,1,119.39,38,M,5.0,305,119.39,1,Yoga Mat
68850,2025-02-07,2025-02-07,1,53.18,58,F,1.0,215,53.18,2,Eraser
68904,2024-12-16,2024-12-16,1,1064.52,25,F,5.0,268,1064.52,1,Smartphone
69068,2024-09-07,2024-09-07,1,1262.5,71,M,5.0,368,1262.5,0,Smartphone
69112,2024-06-12,2024-06-12,1,352.26,29,F,4.0,455,352.26,1,Eraser
69170,2024-05-30,2024-05-30,1,266.24,62,M,5.0,468,266.24,0,Pants
69327,2024-08-28,2024-08-28,1,316.29,72,F,4.0,378,316.29,0,Yoga Mat
69355,2024-12-04,2024-12-04,1,404.07,18,M,5.0,280,404.07,1,Blanket
69487,2024-08-31,2024-08-31,1,1857.12,62,F,4.0,375,1857.12,0,Yoga Mat
69632,2024-11-13,2024-11-13,1,263.15999999999997,36,Unknown,4.0,301,263.15999999999997,1,Blanket
69719,2024-12-24,2024-12-24,1,688.08,29,F,5.0,260,688.08,1,Smartphone
69817,2024-12-12,2024-12-12,1,719.76,18,F,4.0,272,719.76,1,Smartphone
69895,2024-04-27,2024-04-27,1,1307.16,50,M,5.0,501,1307.16,0,Pants
69990,2024-04-22,2024-04-22,1,530.68,49,M,3.0,506,530.68,2,Pants
70242,2024-04-21,2024-04-21,1,651.78,27,M,2.0,507,651.78,2,Yoga Mat
70317,2024-08-20,2024-08-20,1,357.67,27,F,4.0,386,357.67,1,Blanket
70446,2024-05-02,2024-05-02,1,1188.95,56,M,4.0,496,1188.95,0,Yoga Mat
70476,2024-10-13,2024-10-13,1,489.19,32,M,3.0,332,489.19,1,Blanket
71005,2024-09-26,2024-09-26,1,388.04999999999995,28,M,5.0,349,388.04999999999995,1,Smartphone
71237,2024-09-05,2024-09-05,1,1056.6,57,F,3.0,370,1056.6,2,Smartphone
71248,2024-07-01,2024-07-01,1,1036.4,42,M,5.0,436,1036.4,1,Smartphone
71289,2025-01-11,2025-01-11,1,450.81,50,M,4.0,242,450.81,0,Blanket
71490,2024-04-23,2024-04-23,1,195.85,45,M,1.0,505,195.85,2,Eraser
71609,2025-01-22,2025-01-22,1,691.78,24,M,4.0,231,691.78,1,Pants
71646,2024-09-15,2024-09-15,1,120.66,48,M,4.0,360,120.66,1,Blanket
71713,2024-10-03,2024-10-03,1,1402.53,50,M,2.0,342,1402.53,2,Blanket
71870,2024-12-30,2024-12-30,1,858.03,56,M,5.0,254,858.03,0,Smartphone
72072,2025-02-09,2025-02-09,1,1427.01,51,F,5.0,213,1427.01,0,Pants
72081,2024-07-25,2024-07-25,1,1413.96,63,F,4.0,412,1413.96,0,Eraser
72159,2024-05-12,2024-05-12,1,681.21,64,M,5.0,486,681.21,0,Eraser
72236,2024-07-05,2024-07-05,1,550.85,47,F,5.0,432,550.85,0,Smartphone
72238,2024-03-28,2024-03-28,1,148.92,74,F,5.0,531,148.92,0,Pants
72286,2025-02-07,2025-02-07,1,642.25,58,M,2.0,215,642.25,2,Smartphone
72324,2024-04-19,2024-04-19,1,267.65,64,M,4.0,509,267.65,0,Eraser
72471,2024-08-22,2024-08-22,1,348.39,69,F,5.0,384,348.39,0,Blanket
72701,2024-03-22,2024-03-22,1,1978.8999999999999,56,F,5.0,537,1978.8999999999999,0,Yoga Mat
72727,2024-12-26,2024-12-26,1,461.84999999999997,42,F,4.0,258,461.84999999999997,1,Pants
73009,2024-03-27,2024-03-27,1,679.32,29,M,2.0,532,679.32,2,Blanket
73069,2024-08-01,2024-08-01,1,557.82,38,M,5.0,405,557.82,1,Pants
73165,2024-12-29,2024-12-29,1,480.52,48,F,1.0,255,480.52,2,Eraser
73269,2025-01-03,2025-01-03,1,602.2,24,F,4.0,250,602.2,1,Smartphone
73282,2024-07-23,2024-07-23,1,423.98,24,M,5.0,414,423.98,1,Yoga Mat
73293,2024-04-30,2024-04-30,1,463.62,72,Unknown,5.0,498,463.62,0,Yoga Mat
73481,2024-08-24,2024-08-24,1,790.04,22,M,5.0,382,790.04,1,Blanket
73507,2024-12-25,2024-12-25,1,218.72,74,M,4.0,259,218.72,0,Pants
73536,2024-06-12,2024-06-12,1,1532.2,61,M,4.0,455,1532.2,0,Blanket
73858,2024-05-21,2024-05-21,1,1953.96,42,M,4.0,477,1953.96,0,Pants
73957,2024-07-28,2024-07-28,1,686.4499999999999,24,Unknown,4.0,409,686.4499999999999,1,Eraser
74049,2024-10-07,2024-10-07,1,1460.4499999999998,46,F,3.0,338,1460.4499999999998,2,Smartphone
74067,2024-06-27,2024-06-27,1,1484.6100000000001,37,M,5.0,440,1484.6100000000001,1,Eraser
74178,2024-12-13,2024-12-13,1,20.84,52,M,2.0,271,20.84,2,Smartphone
74218,2024-12-30,2024-12-30,1,309.55,52,F,5.0,254,309.55,0,Eraser
74233,2024-10-13,2024-10-13,1,206.4,60,F,5.0,332,206.4,0,Yoga Mat
74278,2024-10-13,2024-10-13,1,304.0,24,Unknown,2.0,332,304.0,2,Yoga Mat
74288,2024-08-04,2024-08-04,1,616.86,25,F,5.0,402,616.86,1,Yoga Mat
74490,2024-05-26,2024-05-26,1,409.85,65,M,5.0,472,409.85,0,Yoga Mat
74956,2024-12-14,2024-12-14,1,466.45000000000005,58,M,5.0,270,466.45000000000005,0,Yoga Mat
75246,2024-08-27,2024-08-27,1,1042.95,56,M,4.0,379,1042.95,0,Smartphone
75278,2025-03-03,2025-03-03,1,798.4499999999999,59,Unknown,3.0,191,798.4499999999999,2,Eraser
75314,2024-05-31,2024-05-31,1,181.56,24,F,3.0,467,181.56,1,Pants
75395,2025-03-19,2025-03-19,1,600.32,64,M,3.0,175,600.32,0,Eraser
75434,2024-12-03,2024-12-03,1,768.36,21,M,3.0,281,768.36,1,Smartphone
75453,2024-06-22,2024-06-22,1,476.70000000000005,33,F,4.0,445,476.70000000000005,1,Yoga Mat
75474,2024-05-22,2024-05-22,1,117.47,73,M,4.0,476,117.47,0,Eraser
75854,2024-10-08,2024-10-08,1,1362.6,19,M,3.0,337,1362.6,1,Yoga Mat
75860,2024-07-02,2024-07-02,1,154.59,63,M,3.0,435,154.59,2,Yoga Mat
76010,2024-09-24,2024-09-24,1,257.23,51,F,4.0,351,257.23,0,Blanket
76057,2024-07-03,2024-07-03,1,1693.8,52,F,5.0,434,1693.8,0,Smartphone
76076,2024-12-20,2024-12-20,1,1830.16,29,F,4.0,264,1830.16,1,Smartphone
76140,2024-06-29,2024-06-29,1,587.34,65,M,5.0,438,587.34,0,Yoga Mat
76203,2024-04-03,2024-04-03,1,195.9,61,Unknown,4.0,525,195.9,0,Pants
76411,2024-11-18,2024-11-18,1,1773.72,57,M,5.0,296,1773.72,0,Eraser
76490,2024-12-17,2024-12-17,1,1535.2,48,F,4.0,267,1535.2,0,Blanket
76505,2024-12-11,2024-12-11,1,1250.35,19,F,5.0,273,1250.35,1,Eraser
76563,2024-10-31,2024-10-31,1,567.62,59,F,5.0,314,567.62,0,Yoga Mat
76569,2025-01-12,2025-01-12,1,428.62,56,F,4.0,241,428.62,0,Blanket
76603,2025-02-27,2025-02-27,1,579.8,36,F,5.0,195,579.8,1,Smartphone
76799,2024-11-08,2024-11-08,1,413.66999999999996,39,M,5.0,306,413.66999999999996,1,Pants
76854,2024-09-14,2024-09-14,1,297.18,64,F,5.0,361,297.18,0,Blanket
77076,2024-05-27,2024-05-27,1,249.51,71,Unknown,4.0,471,249.51,0,Smartphone
77096,2024-11-30,2024-11-30,1,332.32,22,M,5.0,284,332.32,1,Yoga Mat
77150,2024-10-10,2024-10-10,1,1904.28,69,F,5.0,335,1904.28,0,Blanket
77157,2025-01-07,2025-01-07,1,1295.56,61,F,2.0,246,1295.56,2,Blanket
77178,2024-09-17,2024-09-17,1,631.15,61,M,3.0,358,631.15,2,Eraser
77187,2024-05-03,2024-05-03,1,149.72,40,M,5.0,495,149.72,1,Pants
77318,2025-02-18,2025-02-18,1,407.88,23,M,5.0,204,407.88,1,Eraser
77451,2024-07-20,2024-07-20,1,166.74,71,F,5.0,417,166.74,0,Pants
77455,2024-06-29,2024-06-29,1,891.99,64,M,3.0,438,891.99,0,Yoga Mat
77523,2025-01-28,2025-01-28,1,1778.25,21,Unknown,5.0,225,1778.25,1,Blanket
77706,2024-06-17,2024-06-17,1,833.86,33,Unknown,5.0,450,833.86,1,Yoga Mat
77729,2024-03-23,2024-03-23,1,730.11,64,F,3.0,536,730.11,0,Yoga Mat
77823,2024-09-27,2024-09-27,1,2376.55,34,F,5.0,348,2376.55,1,Smartphone
77848,2024-07-14,2024-07-14,1,352.08,39,F,5.0,423,352.08,1,Pants
77850,2024-06-19,2024-06-19,1,1091.68,30,F,3.0,448,1091.68,1,Smartphone
77884,2024-12-05,2024-12-05,1,436.08000000000004,41,F,3.0,279,436.08000000000004,2,Pants
77934,2025-01-16,2025-01-16,1,66.24,27,Unknown,5.0,237,66.24,1,Pants
78056,2024-09-21,2024-09-21,1,226.48,43,M,5.0,354,226.48,1,Eraser
78206,2024-08-17,2024-08-17,1,1064.25,18,M,1.0,389,1064.25,2,Blanket
78277,2025-01-17,2025-01-17,1,1627.96,38,M,4.0,236,1627.96,1,Blanket
78620,2024-07-11,2024-07-11,1,89.38,47,F,3.0,426,89.38,2,Smartphone
78752,2024-04-07,2024-04-07,1,891.0,49,F,3.0,521,891.0,2,Blanket
78768,2024-08-03,2024-08-03,1,152.2,49,M,5.0,403,152.2,0,Smartphone
78972,2024-10-24,2024-10-24,1,1152.88,60,Unknown,5.0,321,1152.88,0,Smartphone
79004,2024-05-14,2024-05-14,1,275.16,50,M,5.0,484,275.16,0,Blanket
79018,2024-09-08,2024-09-08,1,300.74,54,F,4.0,367,300.74,0,Yoga Mat
79047,2024-09-16,2024-09-16,1,931.17,62,M,4.0,359,931.17,0,Yoga Mat
79189,2024-08-30,2024-08-30,1,399.18,66,M,5.0,376,399.18,0,Eraser
79379,2024-10-18,2024-10-18,1,1226.9,54,F,5.0,327,1226.9,0,Blanket
79470,2025-03-12,2025-03-12,1,381.0,41,M,4.0,182,381.0,1,Eraser
79476,2024-09-20,2024-09-20,1,1290.36,25,M,4.0,355,1290.36,1,Yoga Mat
79537,2024-10-18,2024-10-18,1,1871.9499999999998,30,F,4.0,327,1871.9499999999998,1,Eraser
79582,2025-01-17,2025-01-17,1,78.2,66,F,1.0,236,78.2,2,Eraser
79715,2024-11-22,2024-11-22,1,984.35,38,F,3.0,292,984.35,2,Smartphone
79723,2024-07-16,2024-07-16,1,393.9,44,M,5.0,421,393.9,1,Smartphone
79809,2024-06-07,2024-06-07,1,1363.75,57,M,4.0,460,1363.75,0,Smartphone
79864,2024-04-07,2024-04-07,1,628.2,36,M,3.0,521,628.2,2,Pants
79880,2024-06-01,2024-06-01,1,1542.1000000000001,20,Unknown,3.0,466,1542.1000000000001,1,Blanket
79898,2024-03-19,2024-03-19,1,424.45,68,M,5.0,540,424.45,0,Smartphone
79928,2024-12-16,2024-12-16,1,91.83,50,Unknown,4.0,268,91.83,1,Pants
79948,2024-08-14,2024-08-14,1,328.22,66,F,4.0,392,328.22,0,Eraser
79954,2024-07-25,2024-07-25,1,577.9,31,F,4.0,412,577.9,1,Pants
80018,2024-11-06,2024-11-06,1,1061.04,65,M,4.0,308,1061.04,0,Blanket
80222,2024-06-25,2024-06-25,1,425.54,50,F,5.0,442,425.54,0,Smartphone
80435,2024-07-05,2024-07-05,1,232.24,41,M,4.0,432,232.24,1,Eraser
80441,2024-07-26,2024-07-26,1,616.8,52,M,3.0,411,616.8,2,Blanket
80473,2024-10-21,2024-10-21,1,194.9,44,M,3.0,324,194.9,2,Blanket
80803,2024-03-24,2024-03-24,1,293.0,26,M,5.0,535,293.0,1,Blanket
80835,2024-12-26,2024-12-26,1,720.1500000000001,40,F,3.0,258,720.1500000000001,2,Pants
80882,2025-02-27,2025-02-27,1,1126.77,32,F,3.0,195,1126.77,1,Smartphone
81133,2024-11-16,2024-11-16,1,240.56,33,Unknown,4.0,298,240.56,1,Eraser
81289,2024-07-18,2024-07-18,1,489.21,60,M,5.0,419,489.21,0,Eraser
81394,2024-12-17,2024-12-17,1,204.66,52,F,3.0,267,204.66,2,Yoga Mat
81400,2024-08-02,2024-08-02,1,668.44,48,M,5.0,404,668.44,0,Smartphone
81439,2024-11-17,2024-11-17,1,640.96,21,F,4.0,297,640.96,1,Eraser
81507,2025-01-13,2025-01-13,1,124.01,58,F,5.0,240,124.01,0,Pants
81512,2024-12-23,2024-12-23,1,229.32,49,Unknown,5.0,261,229.32,1,Yoga Mat
81790,2024-04-15,2024-04-15,1,1861.9499999999998,74,Unknown,5.0,513,1861.9499999999998,0,Smartphone
81896,2025-01-20,2025-01-20,1,615.18,21,M,4.0,233,615.18,1,Eraser
81927,2024-05-04,2024-05-04,1,482.29,61,M,4.0,494,482.29,0,Yoga Mat
81959,2025-03-13,2025-03-13,1,739.4,19,M,4.0,181,739.4,1,Pants
82077,2024-09-14,2024-09-14,1,239.33,37,M,5.0,361,239.33,1,Pants
82168,2025-01-23,2025-01-23,1,947.14,44,F,5.0,230,947.14,1,Eraser
82649,2024-11-26,2024-11-26,1,419.8,60,M,4.0,288,419.8,0,Pants
82689,2024-09-23,2024-09-23,1,169.29,23,F,4.0,352,169.29,1,Blanket
82700,2024-05-30,2024-05-30,1,189.35,55,M,4.0,468,189.35,0,Yoga Mat
82746,2024-11-18,2024-11-18,1,789.48,35,M,5.0,296,789.48,1,Yoga Mat
82756,2024-09-28,2024-09-28,1,1337.46,73,F,4.0,347,1337.46,0,Smartphone
82764,2024-04-23,2024-04-23,1,317.08,37,F,1.0,505,317.08,2,Smartphone
82793,2025-01-01,2025-01-01,1,1284.72,49,F,2.0,252,1284.72,2,Blanket
82817,2025-03-13,2025-03-13,1,1727.64,29,M,5.0,181,1727.64,1,Yoga Mat
82894,2024-12-15,2024-12-15,1,499.23,58,Unknown,5.0,269,499.23,0,Pants
82916,2024-08-24,2024-08-24,1,375.92,73,F,5.0,382,375.92,0,Blanket
82945,2024-05-23,2024-05-23,1,407.22,39,M,4.0,475,407.22,1,Eraser
82989,2024-05-24,2024-05-24,1,474.75,61,F,5.0,474,474.75,0,Smartphone
83207,2024-05-27,2024-05-27,1,1143.8,56,M,5.0,471,1143.8,0,Yoga Mat
83687,2024-08-26,2024-08-26,1,2379.45,52,F,5.0,380,2379.45,0,Yoga Mat
83914,2024-07-12,2024-07-12,1,119.02,25,Unknown,3.0,425,119.02,1,Eraser
83983,2024-08-01,2024-08-01,1,805.25,55,M,5.0,405,805.25,0,Pants
84001,2024-09-17,2024-09-17,1,1664.3000000000002,67,M,5.0,358,1664.3000000000002,0,Smartphone
84063,2025-01-20,2025-01-20,1,1605.2,43,F,5.0,233,1605.2,1,Yoga Mat
84308,2024-06-26,2024-06-26,1,1456.5,68,F,4.0,441,1456.5,0,Pants
84328,2025-02-06,2025-02-06,1,420.63,54,M,3.0,216,420.63,2,Smartphone
84575,2024-11-02,2024-11-02,1,631.8,68,M,4.0,312,631.8,0,Blanket
84629,2024-12-24,2024-12-24,1,1282.88,75,M,4.0,260,1282.88,0,Blanket
84661,2024-04-04,2024-04-04,1,545.66,38,F,4.0,524,545.66,1,Pants
84736,2024-06-27,2024-06-27,1,218.74,68,F,4.0,440,218.74,0,Blanket
84845,2024-05-15,2024-05-15,1,294.36,71,M,4.0,483,294.36,0,Eraser
84937,2024-05-02,2024-05-02,1,148.68,45,M,4.0,496,148.68,1,Yoga Mat
84978,2024-09-05,2024-09-05,1,458.02,64,M,3.0,370,458.02,0,Eraser
84991,2024-11-20,2024-11-20,1,198.08,33,Unknown,4.0,294,198.08,1,Yoga Mat
85009,2025-01-23,2025-01-23,1,436.24,21,M,4.0,230,436.24,1,Yoga Mat
85139,2024-12-13,2024-12-13,1,312.01,57,M,5.0,271,312.01,0,Eraser
85352,2024-07-04,2024-07-04,1,745.3,38,M,5.0,433,745.3,1,Pants
85365,2024-12-18,2024-12-18,1,316.1,59,M,5.0,266,316.1,0,Pants
85518,2025-03-11,2025-03-11,1,292.66,75,M,5.0,183,292.66,0,Yoga Mat
85558,2024-04-27,2024-04-27,1,1102.53,60,F,4.0,501,1102.53,0,Eraser
85614,2025-03-13,2025-03-13,1,2263.35,70,F,4.0,181,2263.35,0,Pants
85771,2024-12-18,2024-12-18,1,672.68,56,F,4.0,266,672.68,0,Smartphone
85934,2024-03-23,2024-03-23,1,400.34,60,F,4.0,536,400.34,0,Smartphone
85940,2024-07-15,2024-07-15,1,247.97,37,M,4.0,422,247.97,1,Eraser
86056,2024-05-27,2024-05-27,1,689.72,63,F,5.0,471,689.72,0,Pants
86183,2025-02-21,2025-02-21,1,614.88,72,F,4.0,201,614.88,0,Yoga Mat
86435,2024-07-30,2024-07-30,1,1725.92,48,F,3.0,407,1725.92,2,Eraser
86646,2024-09-20,2024-09-20,1,794.56,55,F,3.0,355,794.56,2,Pants
86727,2025-03-10,2025-03-10,1,1521.68,46,F,4.0,184,1521.68,1,Yoga Mat
86737,2025-01-16,2025-01-16,1,424.55,24,F,3.0,237,424.55,1,Pants
86746,2024-03-24,2024-03-24,1,894.81,62,M,4.0,535,894.81,0,Blanket
87052,2024-06-13,2024-06-13,1,932.0999999999999,67,M,5.0,454,932.0999999999999,0,Smartphone
87140,2024-12-02,2024-12-02,1,250.41,28,F,5.0,282,250.41,1,Blanket
87200,2025-02-11,2025-02-11,1,391.58,68,M,4.0,211,391.58,0,Smartphone
87219,2024-05-06,2024-05-06,1,52.5,25,Unknown,4.0,492,52.5,1,Yoga Mat
87467,2024-10-05,2024-10-05,1,215.08,38,M,4.0,340,215.08,1,Pants
87478,2024-04-19,2024-04-19,1,22.21,50,F,4.0,509,22.21,0,Blanket
87513,2024-05-04,2024-05-04,1,571.96,44,M,5.0,494,571.96,1,Yoga Mat
87653,2024-07-28,2024-07-28,1,919.54,28,M,5.0,409,919.54,1,Smartphone
87690,2024-04-08,2024-04-08,1,414.90000000000003,41,Unknown,4.0,520,414.90000000000003,1,Yoga Mat
87787,2024-05-13,2024-05-13,1,467.7,67,M,4.0,485,467.7,0,Eraser
88015,2024-05-20,2024-05-20,1,1057.16,62,M,5.0,478,1057.16,0,Pants
88142,2024-11-09,2024-11-09,1,686.55,50,F,1.0,305,686.55,2,Smartphone
88218,2025-02-04,2025-02-04,1,675.3,40,Unknown,5.0,218,675.3,1,Pants
88309,2024-06-11,2024-06-11,1,394.31,41,M,4.0,456,394.31,1,Yoga Mat
88321,2024-09-22,2024-09-22,1,965.45,48,M,5.0,353,965.45,0,Smartphone
88424,2024-06-06,2024-06-06,1,381.36,44,F,4.0,461,381.36,1,Smartphone
88797,2024-10-26,2024-10-26,1,650.7,43,F,4.0,319,650.7,1,Blanket
88802,2024-11-12,2024-11-12,1,797.82,56,Unknown,1.0,302,797.82,2,Pants
88885,2024-12-13,2024-12-13,1,112.93,27,M,5.0,271,112.93,1,Smartphone
88937,2025-01-04,2025-01-04,1,480.28,34,M,5.0,249,480.28,1,Blanket
88975,2024-11-14,2024-11-14,1,448.47,59,M,4.0,300,448.47,0,Yoga Mat
89064,2024-11-10,2024-11-10,1,86.25,74,F,4.0,304,86.25,0,Yoga Mat
89076,2024-10-12,2024-10-12,1,283.62,69,M,5.0,333,283.62,0,Eraser
89104,2024-12-07,2024-12-07,1,853.4100000000001,55,F,4.0,277,853.4100000000001,0,Eraser
89114,2024-07-14,2024-07-14,1,754.89,40,M,4.0,423,754.89,1,Blanket
89312,2024-08-30,2024-08-30,1,566.34,31,M,4.0,376,566.34,1,Smartphone
89576,2024-09-21,2024-09-21,1,247.59,26,F,4.0,354,247.59,1,Blanket
89618,2025-03-01,2025-03-01,1,98.87,42,F,5.0,193,98.87,1,Pants
89639,2024-07-17,2024-07-17,1,144.4,25,M,3.0,420,144.4,1,Smartphone
89715,2024-07-06,2024-07-06,1,213.83,28,Unknown,4.0,431,213.83,1,Smartphone
89789,2024-04-19,2024-04-19,1,816.24,71,M,5.0,509,816.24,0,Blanket
89875,2025-01-06,2025-01-06,1,233.24,30,F,5.0,247,233.24,1,Eraser
89883,2024-05-25,2024-05-25,1,580.15,66,F,2.0,473,580.15,2,Pants
89887,2024-05-13,2024-05-13,1,592.59,32,F,5.0,485,592.59,1,Blanket
90154,2024-07-27,2024-07-27,1,388.35,19,F,4.0,410,388.35,1,Yoga Mat
90219,2024-07-15,2024-07-15,1,405.65,58,M,5.0,422,405.65,0,Eraser
90319,2024-06-25,2024-06-25,1,658.2,69,F,5.0,442,658.2,0,Blanket
90329,2024-08-17,2024-08-17,1,1517.04,49,F,3.0,389,1517.04,2,Blanket
90540,2024-12-19,2024-12-19,1,1754.64,49,M,4.0,265,1754.64,0,Pants
90560,2024-05-26,2024-05-26,1,137.06,69,M,4.0,472,137.06,0,Blanket
90910,2024-04-17,2024-04-17,1,900.54,24,M,4.0,511,900.54,1,Pants
90933,2024-06-21,2024-06-21,1,1044.72,65,M,5.0,446,1044.72,0,Yoga Mat
90952,2024-09-05,2024-09-05,1,111.56,60,Unknown,4.0,370,111.56,0,Yoga Mat
91017,2025-01-29,2025-01-29,1,872.4,26,F,5.0,224,872.4,1,Eraser
91161,2024-05-29,2024-05-29,1,1136.01,25,M,4.0,469,1136.01,1,Yoga Mat
91430,2024-11-08,2024-11-08,1,1639.65,36,F,4.0,306,1639.65,1,Eraser
91463,2024-09-27,2024-09-27,1,2093.5499999999997,66,F,3.0,348,2093.5499999999997,0,Pants
91509,2025-02-24,2025-02-24,1,1378.23,43,F,5.0,198,1378.23,1,Yoga Mat
91742,2024-08-11,2024-08-11,1,332.78,28,M,5.0,395,332.78,1,Pants
91781,2024-03-20,2024-03-20,1,1445.85,42,F,3.0,539,1445.85,2,Smartphone
91867,2024-05-20,2024-05-20,1,316.41,45,F,4.0,478,316.41,1,Pants
91976,2025-01-19,2025-01-19,1,287.76,74,M,4.0,234,287.76,0,Smartphone
91997,2024-03-21,2024-03-21,1,1780.44,47,Unknown,3.0,538,1780.44,2,Blanket
92087,2024-03-26,2024-03-26,1,104.8,21,F,5.0,533,104.8,1,Smartphone
92232,2024-03-28,2024-03-28,1,1641.12,33,M,4.0,531,1641.12,1,Eraser
92246,2025-02-11,2025-02-11,1,1035.54,21,F,5.0,211,1035.54,1,Pants
92276,2024-07-11,2024-07-11,1,1247.44,63,M,4.0,426,1247.44,0,Yoga Mat
92290,2024-11-06,2024-11-06,1,1773.1999999999998,49,M,4.0,308,1773.1999999999998,0,Smartphone
92393,2025-03-12,2025-03-12,1,1861.9499999999998,63,F,4.0,182,1861.9499999999998,0,Yoga Mat
92429,2024-09-20,2024-09-20,1,1212.64,50,M,4.0,355,1212.64,0,Smartphone
92507,2024-07-19,2024-07-19,1,394.75,48,M,4.0,418,394.75,0,Pants
92572,2024-06-29,2024-06-29,1,1146.2,60,M,4.0,438,1146.2,0,Eraser
92632,2024-10-15,2024-10-15,1,655.47,26,M,4.0,330,655.47,1,Yoga Mat
92654,2024-06-10,2024-06-10,1,386.91,31,F,5.0,457,386.91,1,Yoga Mat
92859,2024-09-12,2024-09-12,1,1495.0500000000002,27,F,4.0,363,1495.0500000000002,1,Yoga Mat
92929,2024-10-13,2024-10-13,1,110.14,44,Unknown,4.0,332,110.14,1,Eraser
92942,2025-01-17,2025-01-17,1,515.8499999999999,29,F,5.0,236,515.8499999999999,1,Pants
92950,2024-03-27,2024-03-27,1,435.34,37,F,5.0,532,435.34,1,Blanket
93036,2025-01-28,2025-01-28,1,757.2,30,M,4.0,225,757.2,1,Yoga Mat
93038,2025-01-06,2025-01-06,1,625.4,36,M,5.0,247,625.4,1,Eraser
93130,2024-07-11,2024-07-11,1,709.7,38,M,5.0,426,709.7,1,Eraser
93277,2024-06-20,2024-06-20,1,487.74,70,F,5.0,447,487.74,0,Eraser
93329,2024-10-01,2024-10-01,1,1841.52,44,F,1.0,344,1841.52,2,Smartphone
93539,2025-02-25,2025-02-25,1,154.74,43,F,1.0,197,154.74,2,Smartphone
93547,2024-06-29,2024-06-29,1,300.45000000000005,65,M,4.0,438,300.45000000000005,0,Eraser
93644,2025-01-31,2025-01-31,1,723.48,33,M,5.0,222,723.48,1,Pants
93663,2024-04-25,2024-04-25,1,297.2,53,M,4.0,503,297.2,0,Smartphone
93806,2024-05-17,2024-05-17,1,1347.0,37,F,5.0,481,1347.0,1,Eraser
93989,2024-04-25,2024-04-25,1,429.25,70,M,1.0,503,429.25,2,Yoga Mat
93992,2024-12-05,2024-12-05,1,153.82,29,Unknown,4.0,279,153.82,1,Blanket
94070,2024-11-26,2024-11-26,1,473.22,67,M,5.0,288,473.22,0,Yoga Mat
94108,2025-01-20,2025-01-20,1,174.6,72,F,5.0,233,174.6,0,Blanket
94141,2024-09-01,2024-09-01,1,1081.28,48,M,5.0,374,1081.28,0,Pants
94304,2025-01-26,2025-01-26,1,1244.4,56,M,4.0,227,1244.4,0,Blanket
94316,2024-06-14,2024-06-14,1,146.35,18,M,2.0,453,146.35,2,Blanket
94503,2024-09-24,2024-09-24,1,124.02,68,M,3.0,351,124.02,0,Blanket
94532,2024-11-06,2024-11-06,1,342.32,41,F,5.0,308,342.32,1,Yoga Mat
94597,2024-12-28,2024-12-28,1,605.18,28,F,5.0,256,605.18,1,Smartphone
94700,2024-06-15,2024-06-15,1,1005.1800000000001,23,M,5.0,452,1005.1800000000001,1,Yoga Mat
94899,2024-03-19,2024-03-19,1,1548.1999999999998,47,F,4.0,540,1548.1999999999998,0,Blanket
94912,2024-11-14,2024-11-14,1,1852.28,70,F,4.0,300,1852.28,0,Pants
95274,2024-05-15,2024-05-15,1,1619.5,45,F,2.0,483,1619.5,2,Pants
95322,2025-03-14,2025-03-14,1,69.22,43,M,5.0,180,69.22,1,Yoga Mat
95344,2024-10-12,2024-10-12,1,1080.96,61,M,3.0,333,1080.96,0,Pants
95354,2024-07-13,2024-07-13,1,687.52,30,Unknown,5.0,424,687.52,1,Yoga Mat
95641,2024-05-25,2024-05-25,1,1263.42,74,F,5.0,473,1263.42,0,Yoga Mat
95795,2024-06-28,2024-06-28,1,822.4,22,M,3.0,439,822.4,1,Smartphone
95874,2024-12-30,2024-12-30,1,910.44,48,Unknown,4.0,254,910.44,0,Yoga Mat
95940,2024-06-24,2024-06-24,1,887.01,29,M,4.0,443,887.01,1,Smartphone
95980,2024-12-06,2024-12-06,1,106.07,75,F,4.0,278,106.07,0,Eraser
96041,2024-09-22,2024-09-22,1,354.98,56,M,4.0,353,354.98,0,Smartphone
96065,2024-07-01,2024-07-01,1,779.62,62,F,4.0,436,779.62,0,Smartphone
96162,2024-09-12,2024-09-12,1,1464.8,34,M,5.0,363,1464.8,1,Yoga Mat
96190,2024-11-04,2024-11-04,1,1829.05,18,M,5.0,310,1829.05,1,Yoga Mat
96195,2024-09-25,2024-09-25,1,786.8,27,M,5.0,350,786.8,1,Blanket
96221,2025-02-14,2025-02-14,1,88.76,31,M,4.0,208,88.76,1,Yoga Mat
96418,2024-09-18,2024-09-18,1,651.76,64,F,5.0,357,651.76,0,Blanket
96551,2024-10-21,2024-10-21,1,39.44,25,F,3.0,324,39.44,1,Blanket
96568,2024-03-21,2024-03-21,1,284.33,62,M,1.0,538,284.33,2,Pants
96674,2024-04-30,2024-04-30,1,936.51,21,M,4.0,498,936.51,1,Eraser
96700,2024-03-27,2024-03-27,1,1896.16,64,F,5.0,532,1896.16,0,Blanket
96862,2024-09-28,2024-09-28,1,2286.0499999999997,29,M,3.0,347,2286.0499999999997,1,Eraser
96947,2025-01-27,2025-01-27,1,1456.1000000000001,35,M,3.0,226,1456.1000000000001,1,Eraser
97102,2024-03-28,2024-03-28,1,1147.28,55,F,3.0,531,1147.28,2,Yoga Mat
97111,2024-09-07,2024-09-07,1,57.88,33,F,5.0,368,57.88,1,Eraser
97274,2025-02-24,2025-02-24,1,235.82999999999998,55,M,4.0,198,235.82999999999998,0,Smartphone
97281,2024-12-07,2024-12-07,1,1158.52,32,M,5.0,277,1158.52,1,Blanket
97308,2024-05-21,2024-05-21,1,36.56,64,M,4.0,477,36.56,0,Eraser
97350,2025-03-06,2025-03-06,1,574.96,70,M,4.0,188,574.96,0,Eraser
97353,2025-02-20,2025-02-20,1,234.18,31,F,4.0,202,234.18,1,Eraser
97390,2024-07-24,2024-07-24,1,938.61,71,F,5.0,413,938.61,0,Smartphone
97433,2024-07-26,2024-07-26,1,1675.52,59,Unknown,5.0,411,1675.52,0,Smartphone
97829,2024-10-09,2024-10-09,1,715.15,38,M,4.0,336,715.15,1,Blanket
97874,2024-05-30,2024-05-30,1,1906.55,71,Unknown,4.0,468,1906.55,0,Pants
98074,2024-08-03,2024-08-03,1,1978.64,47,F,4.0,403,1978.64,0,Blanket
98151,2024-05-14,2024-05-14,1,151.2,45,M,4.0,484,151.2,1,Yoga Mat
98156,2024-03-20,2024-03-20,1,1114.29,48,F,4.0,539,1114.29,0,Eraser
98186,2024-08-25,2024-08-25,1,134.35,47,F,4.0,381,134.35,1,Yoga Mat
98227,2024-05-25,2024-05-25,1,1425.0,75,F,2.0,473,1425.0,2,Smartphone
98322,2024-04-08,2024-04-08,1,200.44,60,F,5.0,520,200.44,0,Yoga Mat
98363,2025-01-30,2025-01-30,1,321.88,27,M,4.0,223,321.88,1,Eraser
98418,2024-05-28,2024-05-28,1,987.9,63,F,5.0,470,987.9,0,Blanket
98627,2025-01-24,2025-01-24,1,1386.16,25,F,4.0,229,1386.16,1,Blanket
98713,2025-02-05,2025-02-05,1,463.67,37,M,4.0,217,463.67,1,Pants
98794,2024-07-09,2024-07-09,1,64.4,57,F,5.0,428,64.4,0,Yoga Mat
98997,2024-10-22,2024-10-22,1,1223.49,59,M,2.0,323,1223.49,2,Yoga Mat
99015,2024-10-26,2024-10-26,1,1347.0500000000002,66,M,4.0,319,1347.0500000000002,0,Smartphone
99026,2024-08-18,2024-08-18,1,2351.0,34,F,1.0,388,2351.0,2,Pants
99042,2024-05-26,2024-05-26,1,424.5,69,F,5.0,472,424.5,0,Pants
99133,2025-01-05,2025-01-05,1,63.44,26,F,1.0,248,63.44,2,Yoga Mat
99182,2024-12-19,2024-12-19,1,592.98,23,F,4.0,265,592.98,1,Pants
99233,2024-09-08,2024-09-08,1,273.56,43,M,4.0,367,273.56,1,Pants
99243,2025-01-25,2025-01-25,1,21.44,55,F,3.0,228,21.44,2,Smartphone
99259,2024-09-04,2024-09-04,1,696.99,62,F,4.0,371,696.99,0,Yoga Mat
99265,2024-08-24,2024-08-24,1,1330.2,43,F,4.0,382,1330.2,1,Smartphone
99272,2024-04-26,2024-04-26,1,122.76,66,M,4.0,502,122.76,0,Pants
99315,2024-10-03,2024-10-03,1,1240.56,39,Unknown,3.0,342,1240.56,2,Blanket
99414,2024-08-17,2024-08-17,1,1460.16,55,F,3.0,389,1460.16,2,Pants
99423,2024-08-30,2024-08-30,1,877.5,73,F,4.0,376,877.5,0,Blanket
99624,2024-06-29,2024-06-29,1,480.28,20,M,4.0,438,480.28,1,Pants
99677,2025-02-15,2025-02-15,1,1302.92,70,M,5.0,207,1302.92,0,Smartphone
99828,2024-09-12,2024-09-12,1,2138.65,72,F,3.0,363,2138.65,0,Eraser
99850,2025-02-27,2025-02-27,1,1176.78,50,F,3.0,195,1176.78,2,Eraser
99887,2024-09-24,2024-09-24,1,101.82,50,F,5.0,351,101.82,0,Yoga Mat
99909,2024-08-11,2024-08-11,1,474.06,37,F,5.0,395,474.06,1,Smartphone
99923,2024-12-28,2024-12-28,1,493.91999999999996,66,Unknown,4.0,256,493.91999999999996,0,Pants
